k1_est,k5_est,k6_est
NaN,NaN,NaN
NaN,NaN,NaN
NaN,NaN,NaN
NaN,NaN,NaN
NaN,NaN,NaN
NaN,NaN,NaN
NaN,NaN,NaN
NaN,NaN,NaN
NaN,NaN,NaN
NaN,NaN,NaN
NaN,NaN,NaN
NaN,NaN,NaN
NaN,NaN,NaN
NaN,NaN,NaN
NaN,NaN,NaN
NaN,NaN,NaN
NaN,NaN,NaN
NaN,NaN,NaN
NaN,NaN,NaN
NaN,NaN,NaN
NaN,NaN,NaN
NaN,NaN,NaN
NaN,NaN,NaN
NaN,NaN,NaN
NaN,NaN,NaN
NaN,NaN,NaN
NaN,NaN,NaN
NaN,NaN,NaN
NaN,NaN,NaN
NaN,NaN,NaN
NaN,NaN,NaN
NaN,NaN,NaN
NaN,NaN,NaN
NaN,NaN,NaN
NaN,NaN,NaN
NaN,NaN,NaN
NaN,NaN,NaN
NaN,NaN,NaN
NaN,NaN,NaN
NaN,NaN,NaN
NaN,NaN,NaN
NaN,NaN,NaN
NaN,NaN,NaN
NaN,NaN,NaN
NaN,NaN,NaN
NaN,NaN,NaN
NaN,NaN,NaN
NaN,NaN,NaN
NaN,NaN,NaN
NaN,NaN,NaN
NaN,NaN,NaN
NaN,NaN,NaN
NaN,NaN,NaN
NaN,NaN,NaN
NaN,NaN,NaN
NaN,NaN,NaN
NaN,NaN,NaN
NaN,NaN,NaN
NaN,NaN,NaN
NaN,NaN,NaN
NaN,NaN,NaN
NaN,NaN,NaN
NaN,NaN,NaN
NaN,NaN,NaN
NaN,NaN,NaN
NaN,NaN,NaN
NaN,NaN,NaN
NaN,NaN,NaN
NaN,NaN,NaN
NaN,NaN,NaN
NaN,NaN,NaN
NaN,NaN,NaN
NaN,NaN,NaN
NaN,NaN,NaN
NaN,NaN,NaN
NaN,NaN,NaN
NaN,NaN,NaN
NaN,NaN,NaN
NaN,NaN,NaN
NaN,NaN,NaN
NaN,NaN,NaN
NaN,NaN,NaN
NaN,NaN,NaN
NaN,NaN,NaN
NaN,NaN,NaN
NaN,NaN,NaN
NaN,NaN,NaN
NaN,NaN,NaN
NaN,NaN,NaN
NaN,NaN,NaN
NaN,NaN,NaN
NaN,NaN,NaN
NaN,NaN,NaN
NaN,NaN,NaN
NaN,NaN,NaN
NaN,NaN,NaN
NaN,NaN,NaN
NaN,NaN,NaN
NaN,NaN,NaN
NaN,NaN,NaN
NaN,NaN,NaN
NaN,NaN,NaN
NaN,NaN,NaN
NaN,NaN,NaN
NaN,NaN,NaN
NaN,NaN,NaN
NaN,NaN,NaN
NaN,NaN,NaN
NaN,NaN,NaN
NaN,NaN,NaN
NaN,NaN,NaN
NaN,NaN,NaN
NaN,NaN,NaN
NaN,NaN,NaN
NaN,NaN,NaN
NaN,NaN,NaN
NaN,NaN,NaN
NaN,NaN,NaN
NaN,NaN,NaN
NaN,NaN,NaN
NaN,NaN,NaN
NaN,NaN,NaN
NaN,NaN,NaN
NaN,NaN,NaN
NaN,NaN,NaN
NaN,NaN,NaN
NaN,NaN,NaN
NaN,NaN,NaN
NaN,NaN,NaN
NaN,NaN,NaN
NaN,NaN,NaN
NaN,NaN,NaN
NaN,NaN,NaN
NaN,NaN,NaN
NaN,NaN,NaN
NaN,NaN,NaN
NaN,NaN,NaN
NaN,NaN,NaN
NaN,NaN,NaN
NaN,NaN,NaN
NaN,NaN,NaN
NaN,NaN,NaN
NaN,NaN,NaN
NaN,NaN,NaN
NaN,NaN,NaN
NaN,NaN,NaN
NaN,NaN,NaN
NaN,NaN,NaN
NaN,NaN,NaN
NaN,NaN,NaN
NaN,NaN,NaN
NaN,NaN,NaN
NaN,NaN,NaN
NaN,NaN,NaN
NaN,NaN,NaN
NaN,NaN,NaN
NaN,NaN,NaN
NaN,NaN,NaN
NaN,NaN,NaN
NaN,NaN,NaN
NaN,NaN,NaN
NaN,NaN,NaN
NaN,NaN,NaN
NaN,NaN,NaN
NaN,NaN,NaN
NaN,NaN,NaN
NaN,NaN,NaN
NaN,NaN,NaN
NaN,NaN,NaN
NaN,NaN,NaN
NaN,NaN,NaN
NaN,NaN,NaN
NaN,NaN,NaN
NaN,NaN,NaN
NaN,NaN,NaN
NaN,NaN,NaN
NaN,NaN,NaN
NaN,NaN,NaN
NaN,NaN,NaN
NaN,NaN,NaN
NaN,NaN,NaN
NaN,NaN,NaN
NaN,NaN,NaN
NaN,NaN,NaN
NaN,NaN,NaN
NaN,NaN,NaN
NaN,NaN,NaN
NaN,NaN,NaN
NaN,NaN,NaN
NaN,NaN,NaN
NaN,NaN,NaN
NaN,NaN,NaN
NaN,NaN,NaN
NaN,NaN,NaN
NaN,NaN,NaN
NaN,NaN,NaN
NaN,NaN,NaN
NaN,NaN,NaN
NaN,NaN,NaN
NaN,NaN,NaN
NaN,NaN,NaN
NaN,NaN,NaN
NaN,NaN,NaN
NaN,NaN,NaN
NaN,NaN,NaN
NaN,NaN,NaN
NaN,NaN,NaN
NaN,NaN,NaN
NaN,NaN,NaN
NaN,NaN,NaN
NaN,NaN,NaN
NaN,NaN,NaN
NaN,NaN,NaN
NaN,NaN,NaN
NaN,NaN,NaN
NaN,NaN,NaN
NaN,NaN,NaN
NaN,NaN,NaN
NaN,NaN,NaN
NaN,NaN,NaN
NaN,NaN,NaN
NaN,NaN,NaN
NaN,NaN,NaN
NaN,NaN,NaN
NaN,NaN,NaN
NaN,NaN,NaN
NaN,NaN,NaN
NaN,NaN,NaN
NaN,NaN,NaN
NaN,NaN,NaN
NaN,NaN,NaN
NaN,NaN,NaN
NaN,NaN,NaN
NaN,NaN,NaN
NaN,NaN,NaN
NaN,NaN,NaN
NaN,NaN,NaN
NaN,NaN,NaN
NaN,NaN,NaN
NaN,NaN,NaN
NaN,NaN,NaN
NaN,NaN,NaN
NaN,NaN,NaN
NaN,NaN,NaN
NaN,NaN,NaN
NaN,NaN,NaN
NaN,NaN,NaN
NaN,NaN,NaN
NaN,NaN,NaN
NaN,NaN,NaN
NaN,NaN,NaN
NaN,NaN,NaN
NaN,NaN,NaN
NaN,NaN,NaN
NaN,NaN,NaN
NaN,NaN,NaN
NaN,NaN,NaN
NaN,NaN,NaN
NaN,NaN,NaN
NaN,NaN,NaN
NaN,NaN,NaN
NaN,NaN,NaN
NaN,NaN,NaN
NaN,NaN,NaN
NaN,NaN,NaN
NaN,NaN,NaN
NaN,NaN,NaN
NaN,NaN,NaN
NaN,NaN,NaN
NaN,NaN,NaN
NaN,NaN,NaN
NaN,NaN,NaN
NaN,NaN,NaN
NaN,NaN,NaN
NaN,NaN,NaN
NaN,NaN,NaN
NaN,NaN,NaN
NaN,NaN,NaN
NaN,NaN,NaN
NaN,NaN,NaN
NaN,NaN,NaN
NaN,NaN,NaN
NaN,NaN,NaN
NaN,NaN,NaN
NaN,NaN,NaN
NaN,NaN,NaN
NaN,NaN,NaN
NaN,NaN,NaN
NaN,NaN,NaN
NaN,NaN,NaN
NaN,NaN,NaN
NaN,NaN,NaN
NaN,NaN,NaN
NaN,NaN,NaN
NaN,NaN,NaN
NaN,NaN,NaN
NaN,NaN,NaN
NaN,NaN,NaN
NaN,NaN,NaN
NaN,NaN,NaN
NaN,NaN,NaN
NaN,NaN,NaN
NaN,NaN,NaN
NaN,NaN,NaN
NaN,NaN,NaN
NaN,NaN,NaN
NaN,NaN,NaN
NaN,NaN,NaN
NaN,NaN,NaN
NaN,NaN,NaN
NaN,NaN,NaN
NaN,NaN,NaN
NaN,NaN,NaN
NaN,NaN,NaN
NaN,NaN,NaN
NaN,NaN,NaN
NaN,NaN,NaN
NaN,NaN,NaN
NaN,NaN,NaN
NaN,NaN,NaN
NaN,NaN,NaN
NaN,NaN,NaN
NaN,NaN,NaN
NaN,NaN,NaN
NaN,NaN,NaN
NaN,NaN,NaN
NaN,NaN,NaN
NaN,NaN,NaN
NaN,NaN,NaN
NaN,NaN,NaN
NaN,NaN,NaN
NaN,NaN,NaN
NaN,NaN,NaN
NaN,NaN,NaN
NaN,NaN,NaN
NaN,NaN,NaN
NaN,NaN,NaN
NaN,NaN,NaN
NaN,NaN,NaN
NaN,NaN,NaN
NaN,NaN,NaN
NaN,NaN,NaN
NaN,NaN,NaN
NaN,NaN,NaN
NaN,NaN,NaN
NaN,NaN,NaN
NaN,NaN,NaN
NaN,NaN,NaN
NaN,NaN,NaN
NaN,NaN,NaN
NaN,NaN,NaN
NaN,NaN,NaN
NaN,NaN,NaN
NaN,NaN,NaN
NaN,NaN,NaN
NaN,NaN,NaN
NaN,NaN,NaN
NaN,NaN,NaN
NaN,NaN,NaN
NaN,NaN,NaN
NaN,NaN,NaN
NaN,NaN,NaN
NaN,NaN,NaN
NaN,NaN,NaN
NaN,NaN,NaN
NaN,NaN,NaN
NaN,NaN,NaN
NaN,NaN,NaN
NaN,NaN,NaN
NaN,NaN,NaN
NaN,NaN,NaN
NaN,NaN,NaN
NaN,NaN,NaN
NaN,NaN,NaN
NaN,NaN,NaN
NaN,NaN,NaN
NaN,NaN,NaN
NaN,NaN,NaN
NaN,NaN,NaN
NaN,NaN,NaN
NaN,NaN,NaN
NaN,NaN,NaN
NaN,NaN,NaN
NaN,NaN,NaN
NaN,NaN,NaN
NaN,NaN,NaN
NaN,NaN,NaN
NaN,NaN,NaN
NaN,NaN,NaN
NaN,NaN,NaN
NaN,NaN,NaN
NaN,NaN,NaN
NaN,NaN,NaN
NaN,NaN,NaN
NaN,NaN,NaN
NaN,NaN,NaN
NaN,NaN,NaN
NaN,NaN,NaN
NaN,NaN,NaN
NaN,NaN,NaN
NaN,NaN,NaN
NaN,NaN,NaN
NaN,NaN,NaN
NaN,NaN,NaN
NaN,NaN,NaN
NaN,NaN,NaN
NaN,NaN,NaN
NaN,NaN,NaN
NaN,NaN,NaN
NaN,NaN,NaN
NaN,NaN,NaN
NaN,NaN,NaN
NaN,NaN,NaN
NaN,NaN,NaN
NaN,NaN,NaN
NaN,NaN,NaN
NaN,NaN,NaN
NaN,NaN,NaN
NaN,NaN,NaN
NaN,NaN,NaN
NaN,NaN,NaN
NaN,NaN,NaN
NaN,NaN,NaN
NaN,NaN,NaN
NaN,NaN,NaN
NaN,NaN,NaN
NaN,NaN,NaN
NaN,NaN,NaN
NaN,NaN,NaN
NaN,NaN,NaN
NaN,NaN,NaN
NaN,NaN,NaN
NaN,NaN,NaN
NaN,NaN,NaN
NaN,NaN,NaN
NaN,NaN,NaN
NaN,NaN,NaN
NaN,NaN,NaN
NaN,NaN,NaN
NaN,NaN,NaN
NaN,NaN,NaN
NaN,NaN,NaN
NaN,NaN,NaN
NaN,NaN,NaN
NaN,NaN,NaN
NaN,NaN,NaN
NaN,NaN,NaN
NaN,NaN,NaN
NaN,NaN,NaN
NaN,NaN,NaN
NaN,NaN,NaN
NaN,NaN,NaN
NaN,NaN,NaN
NaN,NaN,NaN
NaN,NaN,NaN
NaN,NaN,NaN
NaN,NaN,NaN
NaN,NaN,NaN
NaN,NaN,NaN
NaN,NaN,NaN
NaN,NaN,NaN
NaN,NaN,NaN
NaN,NaN,NaN
NaN,NaN,NaN
NaN,NaN,NaN
NaN,NaN,NaN
NaN,NaN,NaN
NaN,NaN,NaN
NaN,NaN,NaN
NaN,NaN,NaN
NaN,NaN,NaN
NaN,NaN,NaN
NaN,NaN,NaN
NaN,NaN,NaN
NaN,NaN,NaN
NaN,NaN,NaN
NaN,NaN,NaN
NaN,NaN,NaN
NaN,NaN,NaN
NaN,NaN,NaN
NaN,NaN,NaN
NaN,NaN,NaN
NaN,NaN,NaN
NaN,NaN,NaN
NaN,NaN,NaN
NaN,NaN,NaN
NaN,NaN,NaN
NaN,NaN,NaN
NaN,NaN,NaN
NaN,NaN,NaN
NaN,NaN,NaN
NaN,NaN,NaN
NaN,NaN,NaN
NaN,NaN,NaN
NaN,NaN,NaN
NaN,NaN,NaN
NaN,NaN,NaN
NaN,NaN,NaN
NaN,NaN,NaN
NaN,NaN,NaN
NaN,NaN,NaN
NaN,NaN,NaN
NaN,NaN,NaN
NaN,NaN,NaN
NaN,NaN,NaN
NaN,NaN,NaN
NaN,NaN,NaN
NaN,NaN,NaN
NaN,NaN,NaN
NaN,NaN,NaN
NaN,NaN,NaN
NaN,NaN,NaN
NaN,NaN,NaN
NaN,NaN,NaN
NaN,NaN,NaN
NaN,NaN,NaN
NaN,NaN,NaN
NaN,NaN,NaN
NaN,NaN,NaN
NaN,NaN,NaN
NaN,NaN,NaN
NaN,NaN,NaN
NaN,NaN,NaN
NaN,NaN,NaN
NaN,NaN,NaN
NaN,NaN,NaN
NaN,NaN,NaN
NaN,NaN,NaN
NaN,NaN,NaN
NaN,NaN,NaN
NaN,NaN,NaN
NaN,NaN,NaN
NaN,NaN,NaN
NaN,NaN,NaN
NaN,NaN,NaN
NaN,NaN,NaN
NaN,NaN,NaN
NaN,NaN,NaN
NaN,NaN,NaN
NaN,NaN,NaN
NaN,NaN,NaN
NaN,NaN,NaN
NaN,NaN,NaN
NaN,NaN,NaN
NaN,NaN,NaN
NaN,NaN,NaN
NaN,NaN,NaN
NaN,NaN,NaN
NaN,NaN,NaN
NaN,NaN,NaN
NaN,NaN,NaN
NaN,NaN,NaN
NaN,NaN,NaN
NaN,NaN,NaN
NaN,NaN,NaN
NaN,NaN,NaN
NaN,NaN,NaN
NaN,NaN,NaN
NaN,NaN,NaN
NaN,NaN,NaN
NaN,NaN,NaN
NaN,NaN,NaN
NaN,NaN,NaN
NaN,NaN,NaN
NaN,NaN,NaN
NaN,NaN,NaN
NaN,NaN,NaN
NaN,NaN,NaN
NaN,NaN,NaN
NaN,NaN,NaN
NaN,NaN,NaN
NaN,NaN,NaN
NaN,NaN,NaN
NaN,NaN,NaN
NaN,NaN,NaN
NaN,NaN,NaN
NaN,NaN,NaN
NaN,NaN,NaN
NaN,NaN,NaN
NaN,NaN,NaN
NaN,NaN,NaN
NaN,NaN,NaN
NaN,NaN,NaN
NaN,NaN,NaN
NaN,NaN,NaN
NaN,NaN,NaN
NaN,NaN,NaN
NaN,NaN,NaN
NaN,NaN,NaN
NaN,NaN,NaN
NaN,NaN,NaN
NaN,NaN,NaN
NaN,NaN,NaN
NaN,NaN,NaN
NaN,NaN,NaN
NaN,NaN,NaN
NaN,NaN,NaN
NaN,NaN,NaN
NaN,NaN,NaN
NaN,NaN,NaN
NaN,NaN,NaN
NaN,NaN,NaN
NaN,NaN,NaN
NaN,NaN,NaN
NaN,NaN,NaN
NaN,NaN,NaN
NaN,NaN,NaN
NaN,NaN,NaN
NaN,NaN,NaN
NaN,NaN,NaN
NaN,NaN,NaN
NaN,NaN,NaN
NaN,NaN,NaN
NaN,NaN,NaN
NaN,NaN,NaN
NaN,NaN,NaN
NaN,NaN,NaN
NaN,NaN,NaN
NaN,NaN,NaN
NaN,NaN,NaN
NaN,NaN,NaN
NaN,NaN,NaN
NaN,NaN,NaN
NaN,NaN,NaN
NaN,NaN,NaN
NaN,NaN,NaN
NaN,NaN,NaN
NaN,NaN,NaN
NaN,NaN,NaN
NaN,NaN,NaN
NaN,NaN,NaN
NaN,NaN,NaN
NaN,NaN,NaN
NaN,NaN,NaN
NaN,NaN,NaN
NaN,NaN,NaN
NaN,NaN,NaN
NaN,NaN,NaN
NaN,NaN,NaN
NaN,NaN,NaN
NaN,NaN,NaN
NaN,NaN,NaN
NaN,NaN,NaN
NaN,NaN,NaN
NaN,NaN,NaN
NaN,NaN,NaN
NaN,NaN,NaN
NaN,NaN,NaN
NaN,NaN,NaN
NaN,NaN,NaN
NaN,NaN,NaN
NaN,NaN,NaN
NaN,NaN,NaN
NaN,NaN,NaN
NaN,NaN,NaN
NaN,NaN,NaN
NaN,NaN,NaN
NaN,NaN,NaN
NaN,NaN,NaN
NaN,NaN,NaN
NaN,NaN,NaN
NaN,NaN,NaN
NaN,NaN,NaN
NaN,NaN,NaN
NaN,NaN,NaN
NaN,NaN,NaN
NaN,NaN,NaN
NaN,NaN,NaN
NaN,NaN,NaN
NaN,NaN,NaN
NaN,NaN,NaN
NaN,NaN,NaN
NaN,NaN,NaN
NaN,NaN,NaN
NaN,NaN,NaN
NaN,NaN,NaN
NaN,NaN,NaN
NaN,NaN,NaN
NaN,NaN,NaN
NaN,NaN,NaN
NaN,NaN,NaN
NaN,NaN,NaN
NaN,NaN,NaN
NaN,NaN,NaN
NaN,NaN,NaN
NaN,NaN,NaN
NaN,NaN,NaN
NaN,NaN,NaN
NaN,NaN,NaN
NaN,NaN,NaN
NaN,NaN,NaN
NaN,NaN,NaN
NaN,NaN,NaN
NaN,NaN,NaN
NaN,NaN,NaN
NaN,NaN,NaN
NaN,NaN,NaN
NaN,NaN,NaN
NaN,NaN,NaN
NaN,NaN,NaN
NaN,NaN,NaN
NaN,NaN,NaN
NaN,NaN,NaN
NaN,NaN,NaN
NaN,NaN,NaN
NaN,NaN,NaN
NaN,NaN,NaN
NaN,NaN,NaN
NaN,NaN,NaN
NaN,NaN,NaN
NaN,NaN,NaN
NaN,NaN,NaN
NaN,NaN,NaN
NaN,NaN,NaN
NaN,NaN,NaN
NaN,NaN,NaN
NaN,NaN,NaN
NaN,NaN,NaN
NaN,NaN,NaN
NaN,NaN,NaN
NaN,NaN,NaN
NaN,NaN,NaN
NaN,NaN,NaN
NaN,NaN,NaN
NaN,NaN,NaN
NaN,NaN,NaN
NaN,NaN,NaN
NaN,NaN,NaN
NaN,NaN,NaN
NaN,NaN,NaN
NaN,NaN,NaN
NaN,NaN,NaN
NaN,NaN,NaN
NaN,NaN,NaN
NaN,NaN,NaN
NaN,NaN,NaN
NaN,NaN,NaN
NaN,NaN,NaN
NaN,NaN,NaN
NaN,NaN,NaN
NaN,NaN,NaN
NaN,NaN,NaN
NaN,NaN,NaN
NaN,NaN,NaN
NaN,NaN,NaN
NaN,NaN,NaN
NaN,NaN,NaN
NaN,NaN,NaN
NaN,NaN,NaN
NaN,NaN,NaN
NaN,NaN,NaN
NaN,NaN,NaN
NaN,NaN,NaN
NaN,NaN,NaN
NaN,NaN,NaN
NaN,NaN,NaN
NaN,NaN,NaN
NaN,NaN,NaN
NaN,NaN,NaN
NaN,NaN,NaN
NaN,NaN,NaN
NaN,NaN,NaN
NaN,NaN,NaN
NaN,NaN,NaN
NaN,NaN,NaN
NaN,NaN,NaN
NaN,NaN,NaN
NaN,NaN,NaN
NaN,NaN,NaN
NaN,NaN,NaN
NaN,NaN,NaN
NaN,NaN,NaN
NaN,NaN,NaN
NaN,NaN,NaN
NaN,NaN,NaN
NaN,NaN,NaN
NaN,NaN,NaN
NaN,NaN,NaN
NaN,NaN,NaN
NaN,NaN,NaN
NaN,NaN,NaN
NaN,NaN,NaN
NaN,NaN,NaN
NaN,NaN,NaN
NaN,NaN,NaN
NaN,NaN,NaN
NaN,NaN,NaN
NaN,NaN,NaN
NaN,NaN,NaN
NaN,NaN,NaN
NaN,NaN,NaN
NaN,NaN,NaN
NaN,NaN,NaN
NaN,NaN,NaN
NaN,NaN,NaN
NaN,NaN,NaN
NaN,NaN,NaN
NaN,NaN,NaN
NaN,NaN,NaN
NaN,NaN,NaN
NaN,NaN,NaN
NaN,NaN,NaN
NaN,NaN,NaN
NaN,NaN,NaN
NaN,NaN,NaN
NaN,NaN,NaN
NaN,NaN,NaN
NaN,NaN,NaN
NaN,NaN,NaN
NaN,NaN,NaN
NaN,NaN,NaN
NaN,NaN,NaN
NaN,NaN,NaN
NaN,NaN,NaN
NaN,NaN,NaN
NaN,NaN,NaN
NaN,NaN,NaN
NaN,NaN,NaN
NaN,NaN,NaN
NaN,NaN,NaN
NaN,NaN,NaN
NaN,NaN,NaN
NaN,NaN,NaN
NaN,NaN,NaN
NaN,NaN,NaN
NaN,NaN,NaN
NaN,NaN,NaN
NaN,NaN,NaN
NaN,NaN,NaN
NaN,NaN,NaN
NaN,NaN,NaN
NaN,NaN,NaN
NaN,NaN,NaN
NaN,NaN,NaN
NaN,NaN,NaN
NaN,NaN,NaN
NaN,NaN,NaN
NaN,NaN,NaN
NaN,NaN,NaN
NaN,NaN,NaN
NaN,NaN,NaN
NaN,NaN,NaN
NaN,NaN,NaN
NaN,NaN,NaN
NaN,NaN,NaN
NaN,NaN,NaN
NaN,NaN,NaN
NaN,NaN,NaN
NaN,NaN,NaN
NaN,NaN,NaN
NaN,NaN,NaN
NaN,NaN,NaN
NaN,NaN,NaN
NaN,NaN,NaN
NaN,NaN,NaN
NaN,NaN,NaN
NaN,NaN,NaN
NaN,NaN,NaN
NaN,NaN,NaN
NaN,NaN,NaN
NaN,NaN,NaN
NaN,NaN,NaN
NaN,NaN,NaN
NaN,NaN,NaN
NaN,NaN,NaN
NaN,NaN,NaN
NaN,NaN,NaN
NaN,NaN,NaN
NaN,NaN,NaN
NaN,NaN,NaN
NaN,NaN,NaN
NaN,NaN,NaN
NaN,NaN,NaN
NaN,NaN,NaN
NaN,NaN,NaN
NaN,NaN,NaN
NaN,NaN,NaN
NaN,NaN,NaN
NaN,NaN,NaN
NaN,NaN,NaN
NaN,NaN,NaN
NaN,NaN,NaN
NaN,NaN,NaN
NaN,NaN,NaN
NaN,NaN,NaN
NaN,NaN,NaN
NaN,NaN,NaN
NaN,NaN,NaN
NaN,NaN,NaN
NaN,NaN,NaN
NaN,NaN,NaN
NaN,NaN,NaN
NaN,NaN,NaN
NaN,NaN,NaN
NaN,NaN,NaN
NaN,NaN,NaN
NaN,NaN,NaN
NaN,NaN,NaN
NaN,NaN,NaN
NaN,NaN,NaN
NaN,NaN,NaN
NaN,NaN,NaN
NaN,NaN,NaN
NaN,NaN,NaN
NaN,NaN,NaN
NaN,NaN,NaN
NaN,NaN,NaN
NaN,NaN,NaN
NaN,NaN,NaN
NaN,NaN,NaN
NaN,NaN,NaN
NaN,NaN,NaN
NaN,NaN,NaN
NaN,NaN,NaN
NaN,NaN,NaN
NaN,NaN,NaN
NaN,NaN,NaN
NaN,NaN,NaN
NaN,NaN,NaN
NaN,NaN,NaN
NaN,NaN,NaN
NaN,NaN,NaN
NaN,NaN,NaN
NaN,NaN,NaN
NaN,NaN,NaN
NaN,NaN,NaN
NaN,NaN,NaN
NaN,NaN,NaN
NaN,NaN,NaN
NaN,NaN,NaN
NaN,NaN,NaN
NaN,NaN,NaN
NaN,NaN,NaN
NaN,NaN,NaN
NaN,NaN,NaN
NaN,NaN,NaN
NaN,NaN,NaN
NaN,NaN,NaN
NaN,NaN,NaN
NaN,NaN,NaN
NaN,NaN,NaN
NaN,NaN,NaN
NaN,NaN,NaN
NaN,NaN,NaN
NaN,NaN,NaN
NaN,NaN,NaN
NaN,NaN,NaN
NaN,NaN,NaN
NaN,NaN,NaN
NaN,NaN,NaN
NaN,NaN,NaN
NaN,NaN,NaN
NaN,NaN,NaN
NaN,NaN,NaN
NaN,NaN,NaN
NaN,NaN,NaN
NaN,NaN,NaN
NaN,NaN,NaN
NaN,NaN,NaN
NaN,NaN,NaN
NaN,NaN,NaN
NaN,NaN,NaN
NaN,NaN,NaN
NaN,NaN,NaN
NaN,NaN,NaN
NaN,NaN,NaN
NaN,NaN,NaN
NaN,NaN,NaN
NaN,NaN,NaN
NaN,NaN,NaN
NaN,NaN,NaN
NaN,NaN,NaN
NaN,NaN,NaN
NaN,NaN,NaN
NaN,NaN,NaN
NaN,NaN,NaN
NaN,NaN,NaN
NaN,NaN,NaN
NaN,NaN,NaN
NaN,NaN,NaN
NaN,NaN,NaN
NaN,NaN,NaN
NaN,NaN,NaN
NaN,NaN,NaN
NaN,NaN,NaN
NaN,NaN,NaN
NaN,NaN,NaN
NaN,NaN,NaN
NaN,NaN,NaN
NaN,NaN,NaN
NaN,NaN,NaN
NaN,NaN,NaN
NaN,NaN,NaN
NaN,NaN,NaN
NaN,NaN,NaN
NaN,NaN,NaN
NaN,NaN,NaN
NaN,NaN,NaN
NaN,NaN,NaN
NaN,NaN,NaN
NaN,NaN,NaN
NaN,NaN,NaN
NaN,NaN,NaN
NaN,NaN,NaN
NaN,NaN,NaN
NaN,NaN,NaN
NaN,NaN,NaN
NaN,NaN,NaN
NaN,NaN,NaN
NaN,NaN,NaN
NaN,NaN,NaN
NaN,NaN,NaN
NaN,NaN,NaN
NaN,NaN,NaN
NaN,NaN,NaN
NaN,NaN,NaN
NaN,NaN,NaN
NaN,NaN,NaN
NaN,NaN,NaN
NaN,NaN,NaN
NaN,NaN,NaN
NaN,NaN,NaN
NaN,NaN,NaN
NaN,NaN,NaN
NaN,NaN,NaN
NaN,NaN,NaN
NaN,NaN,NaN
NaN,NaN,NaN
NaN,NaN,NaN
NaN,NaN,NaN
NaN,NaN,NaN
NaN,NaN,NaN
NaN,NaN,NaN
NaN,NaN,NaN
NaN,NaN,NaN
NaN,NaN,NaN
NaN,NaN,NaN
NaN,NaN,NaN
NaN,NaN,NaN
NaN,NaN,NaN
NaN,NaN,NaN
NaN,NaN,NaN
NaN,NaN,NaN
NaN,NaN,NaN
NaN,NaN,NaN
NaN,NaN,NaN
NaN,NaN,NaN
NaN,NaN,NaN
NaN,NaN,NaN
NaN,NaN,NaN
NaN,NaN,NaN
NaN,NaN,NaN
NaN,NaN,NaN
NaN,NaN,NaN
NaN,NaN,NaN
NaN,NaN,NaN
NaN,NaN,NaN
NaN,NaN,NaN
NaN,NaN,NaN
NaN,NaN,NaN
NaN,NaN,NaN
NaN,NaN,NaN
NaN,NaN,NaN
NaN,NaN,NaN
NaN,NaN,NaN
NaN,NaN,NaN
NaN,NaN,NaN
NaN,NaN,NaN
NaN,NaN,NaN
NaN,NaN,NaN
NaN,NaN,NaN
NaN,NaN,NaN
NaN,NaN,NaN
NaN,NaN,NaN
NaN,NaN,NaN
NaN,NaN,NaN
NaN,NaN,NaN
NaN,NaN,NaN
NaN,NaN,NaN
NaN,NaN,NaN
NaN,NaN,NaN
NaN,NaN,NaN
NaN,NaN,NaN
NaN,NaN,NaN
NaN,NaN,NaN
NaN,NaN,NaN
NaN,NaN,NaN
NaN,NaN,NaN
NaN,NaN,NaN
NaN,NaN,NaN
NaN,NaN,NaN
NaN,NaN,NaN
NaN,NaN,NaN
NaN,NaN,NaN
NaN,NaN,NaN
NaN,NaN,NaN
NaN,NaN,NaN
NaN,NaN,NaN
NaN,NaN,NaN
NaN,NaN,NaN
NaN,NaN,NaN
NaN,NaN,NaN
NaN,NaN,NaN
NaN,NaN,NaN
NaN,NaN,NaN
NaN,NaN,NaN
NaN,NaN,NaN
NaN,NaN,NaN
NaN,NaN,NaN
NaN,NaN,NaN
NaN,NaN,NaN
NaN,NaN,NaN
NaN,NaN,NaN
NaN,NaN,NaN
NaN,NaN,NaN
NaN,NaN,NaN
NaN,NaN,NaN
NaN,NaN,NaN
NaN,NaN,NaN
NaN,NaN,NaN
NaN,NaN,NaN
NaN,NaN,NaN
NaN,NaN,NaN
NaN,NaN,NaN
NaN,NaN,NaN
NaN,NaN,NaN
NaN,NaN,NaN
NaN,NaN,NaN
NaN,NaN,NaN
NaN,NaN,NaN
NaN,NaN,NaN
NaN,NaN,NaN
NaN,NaN,NaN
NaN,NaN,NaN
NaN,NaN,NaN
NaN,NaN,NaN
NaN,NaN,NaN
NaN,NaN,NaN
NaN,NaN,NaN
NaN,NaN,NaN
NaN,NaN,NaN
NaN,NaN,NaN
NaN,NaN,NaN
NaN,NaN,NaN
NaN,NaN,NaN
NaN,NaN,NaN
NaN,NaN,NaN
NaN,NaN,NaN
NaN,NaN,NaN
NaN,NaN,NaN
NaN,NaN,NaN
NaN,NaN,NaN
NaN,NaN,NaN
NaN,NaN,NaN
NaN,NaN,NaN
NaN,NaN,NaN
NaN,NaN,NaN
NaN,NaN,NaN
NaN,NaN,NaN
NaN,NaN,NaN
NaN,NaN,NaN
NaN,NaN,NaN
NaN,NaN,NaN
NaN,NaN,NaN
NaN,NaN,NaN
NaN,NaN,NaN
NaN,NaN,NaN
NaN,NaN,NaN
NaN,NaN,NaN
NaN,NaN,NaN
NaN,NaN,NaN
NaN,NaN,NaN
NaN,NaN,NaN
NaN,NaN,NaN
NaN,NaN,NaN
NaN,NaN,NaN
NaN,NaN,NaN
NaN,NaN,NaN
NaN,NaN,NaN
NaN,NaN,NaN
NaN,NaN,NaN
NaN,NaN,NaN
NaN,NaN,NaN
NaN,NaN,NaN
NaN,NaN,NaN
NaN,NaN,NaN
NaN,NaN,NaN
NaN,NaN,NaN
NaN,NaN,NaN
NaN,NaN,NaN
NaN,NaN,NaN
NaN,NaN,NaN
NaN,NaN,NaN
NaN,NaN,NaN
NaN,NaN,NaN
NaN,NaN,NaN
NaN,NaN,NaN
NaN,NaN,NaN
NaN,NaN,NaN
NaN,NaN,NaN
NaN,NaN,NaN
NaN,NaN,NaN
NaN,NaN,NaN
NaN,NaN,NaN
NaN,NaN,NaN
NaN,NaN,NaN
NaN,NaN,NaN
NaN,NaN,NaN
NaN,NaN,NaN
NaN,NaN,NaN
NaN,NaN,NaN
NaN,NaN,NaN
NaN,NaN,NaN
NaN,NaN,NaN
NaN,NaN,NaN
NaN,NaN,NaN
NaN,NaN,NaN
NaN,NaN,NaN
NaN,NaN,NaN
NaN,NaN,NaN
NaN,NaN,NaN
NaN,NaN,NaN
NaN,NaN,NaN
NaN,NaN,NaN
NaN,NaN,NaN
NaN,NaN,NaN
NaN,NaN,NaN
NaN,NaN,NaN
NaN,NaN,NaN
NaN,NaN,NaN
NaN,NaN,NaN
NaN,NaN,NaN
NaN,NaN,NaN
NaN,NaN,NaN
NaN,NaN,NaN
NaN,NaN,NaN
NaN,NaN,NaN
NaN,NaN,NaN
NaN,NaN,NaN
NaN,NaN,NaN
NaN,NaN,NaN
NaN,NaN,NaN
NaN,NaN,NaN
NaN,NaN,NaN
NaN,NaN,NaN
NaN,NaN,NaN
NaN,NaN,NaN
NaN,NaN,NaN
NaN,NaN,NaN
NaN,NaN,NaN
NaN,NaN,NaN
NaN,NaN,NaN
NaN,NaN,NaN
NaN,NaN,NaN
NaN,NaN,NaN
NaN,NaN,NaN
NaN,NaN,NaN
NaN,NaN,NaN
NaN,NaN,NaN
NaN,NaN,NaN
NaN,NaN,NaN
NaN,NaN,NaN
NaN,NaN,NaN
NaN,NaN,NaN
NaN,NaN,NaN
NaN,NaN,NaN
NaN,NaN,NaN
NaN,NaN,NaN
NaN,NaN,NaN
NaN,NaN,NaN
NaN,NaN,NaN
NaN,NaN,NaN
NaN,NaN,NaN
NaN,NaN,NaN
NaN,NaN,NaN
NaN,NaN,NaN
NaN,NaN,NaN
NaN,NaN,NaN
NaN,NaN,NaN
NaN,NaN,NaN
NaN,NaN,NaN
NaN,NaN,NaN
NaN,NaN,NaN
NaN,NaN,NaN
NaN,NaN,NaN
NaN,NaN,NaN
NaN,NaN,NaN
NaN,NaN,NaN
NaN,NaN,NaN
NaN,NaN,NaN
NaN,NaN,NaN
NaN,NaN,NaN
NaN,NaN,NaN
NaN,NaN,NaN
NaN,NaN,NaN
NaN,NaN,NaN
NaN,NaN,NaN
NaN,NaN,NaN
NaN,NaN,NaN
NaN,NaN,NaN
NaN,NaN,NaN
NaN,NaN,NaN
NaN,NaN,NaN
NaN,NaN,NaN
NaN,NaN,NaN
NaN,NaN,NaN
NaN,NaN,NaN
NaN,NaN,NaN
NaN,NaN,NaN
NaN,NaN,NaN
NaN,NaN,NaN
NaN,NaN,NaN
NaN,NaN,NaN
NaN,NaN,NaN
NaN,NaN,NaN
NaN,NaN,NaN
NaN,NaN,NaN
NaN,NaN,NaN
NaN,NaN,NaN
NaN,NaN,NaN
NaN,NaN,NaN
NaN,NaN,NaN
NaN,NaN,NaN
NaN,NaN,NaN
NaN,NaN,NaN
NaN,NaN,NaN
NaN,NaN,NaN
NaN,NaN,NaN
NaN,NaN,NaN
NaN,NaN,NaN
NaN,NaN,NaN
NaN,NaN,NaN
NaN,NaN,NaN
NaN,NaN,NaN
NaN,NaN,NaN
NaN,NaN,NaN
NaN,NaN,NaN
NaN,NaN,NaN
NaN,NaN,NaN
NaN,NaN,NaN
NaN,NaN,NaN
NaN,NaN,NaN
NaN,NaN,NaN
NaN,NaN,NaN
NaN,NaN,NaN
NaN,NaN,NaN
NaN,NaN,NaN
NaN,NaN,NaN
NaN,NaN,NaN
NaN,NaN,NaN
NaN,NaN,NaN
NaN,NaN,NaN
NaN,NaN,NaN
NaN,NaN,NaN
NaN,NaN,NaN
NaN,NaN,NaN
NaN,NaN,NaN
NaN,NaN,NaN
NaN,NaN,NaN
NaN,NaN,NaN
NaN,NaN,NaN
NaN,NaN,NaN
NaN,NaN,NaN
NaN,NaN,NaN
NaN,NaN,NaN
NaN,NaN,NaN
NaN,NaN,NaN
NaN,NaN,NaN
NaN,NaN,NaN
NaN,NaN,NaN
NaN,NaN,NaN
NaN,NaN,NaN
NaN,NaN,NaN
NaN,NaN,NaN
NaN,NaN,NaN
NaN,NaN,NaN
NaN,NaN,NaN
NaN,NaN,NaN
NaN,NaN,NaN
NaN,NaN,NaN
NaN,NaN,NaN
NaN,NaN,NaN
NaN,NaN,NaN
NaN,NaN,NaN
NaN,NaN,NaN
NaN,NaN,NaN
NaN,NaN,NaN
NaN,NaN,NaN
NaN,NaN,NaN
NaN,NaN,NaN
NaN,NaN,NaN
NaN,NaN,NaN
NaN,NaN,NaN
NaN,NaN,NaN
NaN,NaN,NaN
NaN,NaN,NaN
NaN,NaN,NaN
NaN,NaN,NaN
NaN,NaN,NaN
NaN,NaN,NaN
NaN,NaN,NaN
NaN,NaN,NaN
NaN,NaN,NaN
NaN,NaN,NaN
NaN,NaN,NaN
NaN,NaN,NaN
NaN,NaN,NaN
NaN,NaN,NaN
NaN,NaN,NaN
NaN,NaN,NaN
NaN,NaN,NaN
NaN,NaN,NaN
NaN,NaN,NaN
NaN,NaN,NaN
NaN,NaN,NaN
NaN,NaN,NaN
NaN,NaN,NaN
NaN,NaN,NaN
NaN,NaN,NaN
NaN,NaN,NaN
NaN,NaN,NaN
NaN,NaN,NaN
NaN,NaN,NaN
NaN,NaN,NaN
NaN,NaN,NaN
NaN,NaN,NaN
NaN,NaN,NaN
NaN,NaN,NaN
NaN,NaN,NaN
NaN,NaN,NaN
NaN,NaN,NaN
NaN,NaN,NaN
NaN,NaN,NaN
NaN,NaN,NaN
NaN,NaN,NaN
NaN,NaN,NaN
NaN,NaN,NaN
NaN,NaN,NaN
NaN,NaN,NaN
NaN,NaN,NaN
NaN,NaN,NaN
NaN,NaN,NaN
NaN,NaN,NaN
NaN,NaN,NaN
NaN,NaN,NaN
NaN,NaN,NaN
NaN,NaN,NaN
NaN,NaN,NaN
NaN,NaN,NaN
NaN,NaN,NaN
NaN,NaN,NaN
NaN,NaN,NaN
NaN,NaN,NaN
NaN,NaN,NaN
NaN,NaN,NaN
NaN,NaN,NaN
NaN,NaN,NaN
NaN,NaN,NaN
NaN,NaN,NaN
NaN,NaN,NaN
NaN,NaN,NaN
NaN,NaN,NaN
NaN,NaN,NaN
NaN,NaN,NaN
NaN,NaN,NaN
NaN,NaN,NaN
NaN,NaN,NaN
NaN,NaN,NaN
NaN,NaN,NaN
NaN,NaN,NaN
NaN,NaN,NaN
NaN,NaN,NaN
NaN,NaN,NaN
NaN,NaN,NaN
NaN,NaN,NaN
NaN,NaN,NaN
NaN,NaN,NaN
NaN,NaN,NaN
NaN,NaN,NaN
NaN,NaN,NaN
NaN,NaN,NaN
NaN,NaN,NaN
NaN,NaN,NaN
NaN,NaN,NaN
NaN,NaN,NaN
NaN,NaN,NaN
NaN,NaN,NaN
NaN,NaN,NaN
NaN,NaN,NaN
NaN,NaN,NaN
NaN,NaN,NaN
NaN,NaN,NaN
NaN,NaN,NaN
NaN,NaN,NaN
NaN,NaN,NaN
NaN,NaN,NaN
NaN,NaN,NaN
NaN,NaN,NaN
NaN,NaN,NaN
NaN,NaN,NaN
NaN,NaN,NaN
NaN,NaN,NaN
NaN,NaN,NaN
NaN,NaN,NaN
NaN,NaN,NaN
NaN,NaN,NaN
NaN,NaN,NaN
NaN,NaN,NaN
NaN,NaN,NaN
NaN,NaN,NaN
NaN,NaN,NaN
NaN,NaN,NaN
NaN,NaN,NaN
NaN,NaN,NaN
NaN,NaN,NaN
NaN,NaN,NaN
NaN,NaN,NaN
NaN,NaN,NaN
NaN,NaN,NaN
NaN,NaN,NaN
NaN,NaN,NaN
NaN,NaN,NaN
NaN,NaN,NaN
NaN,NaN,NaN
NaN,NaN,NaN
NaN,NaN,NaN
NaN,NaN,NaN
NaN,NaN,NaN
NaN,NaN,NaN
NaN,NaN,NaN
NaN,NaN,NaN
NaN,NaN,NaN
NaN,NaN,NaN
NaN,NaN,NaN
NaN,NaN,NaN
NaN,NaN,NaN
NaN,NaN,NaN
NaN,NaN,NaN
NaN,NaN,NaN
NaN,NaN,NaN
NaN,NaN,NaN
NaN,NaN,NaN
NaN,NaN,NaN
NaN,NaN,NaN
NaN,NaN,NaN
NaN,NaN,NaN
NaN,NaN,NaN
NaN,NaN,NaN
NaN,NaN,NaN
NaN,NaN,NaN
NaN,NaN,NaN
NaN,NaN,NaN
NaN,NaN,NaN
NaN,NaN,NaN
NaN,NaN,NaN
NaN,NaN,NaN
NaN,NaN,NaN
NaN,NaN,NaN
NaN,NaN,NaN
NaN,NaN,NaN
NaN,NaN,NaN
NaN,NaN,NaN
NaN,NaN,NaN
NaN,NaN,NaN
NaN,NaN,NaN
NaN,NaN,NaN
NaN,NaN,NaN
NaN,NaN,NaN
NaN,NaN,NaN
NaN,NaN,NaN
NaN,NaN,NaN
NaN,NaN,NaN
NaN,NaN,NaN
NaN,NaN,NaN
NaN,NaN,NaN
NaN,NaN,NaN
NaN,NaN,NaN
NaN,NaN,NaN
NaN,NaN,NaN
NaN,NaN,NaN
NaN,NaN,NaN
NaN,NaN,NaN
NaN,NaN,NaN
NaN,NaN,NaN
NaN,NaN,NaN
NaN,NaN,NaN
NaN,NaN,NaN
NaN,NaN,NaN
NaN,NaN,NaN
NaN,NaN,NaN
NaN,NaN,NaN
NaN,NaN,NaN
NaN,NaN,NaN
NaN,NaN,NaN
NaN,NaN,NaN
NaN,NaN,NaN
NaN,NaN,NaN
NaN,NaN,NaN
NaN,NaN,NaN
NaN,NaN,NaN
NaN,NaN,NaN
NaN,NaN,NaN
NaN,NaN,NaN
NaN,NaN,NaN
NaN,NaN,NaN
NaN,NaN,NaN
NaN,NaN,NaN
NaN,NaN,NaN
NaN,NaN,NaN
NaN,NaN,NaN
NaN,NaN,NaN
NaN,NaN,NaN
NaN,NaN,NaN
NaN,NaN,NaN
NaN,NaN,NaN
NaN,NaN,NaN
NaN,NaN,NaN
NaN,NaN,NaN
NaN,NaN,NaN
NaN,NaN,NaN
NaN,NaN,NaN
NaN,NaN,NaN
NaN,NaN,NaN
NaN,NaN,NaN
NaN,NaN,NaN
NaN,NaN,NaN
NaN,NaN,NaN
NaN,NaN,NaN
NaN,NaN,NaN
NaN,NaN,NaN
NaN,NaN,NaN
NaN,NaN,NaN
NaN,NaN,NaN
NaN,NaN,NaN
NaN,NaN,NaN
NaN,NaN,NaN
NaN,NaN,NaN
NaN,NaN,NaN
NaN,NaN,NaN
NaN,NaN,NaN
NaN,NaN,NaN
NaN,NaN,NaN
NaN,NaN,NaN
NaN,NaN,NaN
NaN,NaN,NaN
NaN,NaN,NaN
NaN,NaN,NaN
NaN,NaN,NaN
NaN,NaN,NaN
NaN,NaN,NaN
NaN,NaN,NaN
NaN,NaN,NaN
NaN,NaN,NaN
NaN,NaN,NaN
NaN,NaN,NaN
NaN,NaN,NaN
NaN,NaN,NaN
NaN,NaN,NaN
NaN,NaN,NaN
NaN,NaN,NaN
NaN,NaN,NaN
NaN,NaN,NaN
NaN,NaN,NaN
NaN,NaN,NaN
NaN,NaN,NaN
NaN,NaN,NaN
NaN,NaN,NaN
NaN,NaN,NaN
NaN,NaN,NaN
NaN,NaN,NaN
NaN,NaN,NaN
NaN,NaN,NaN
NaN,NaN,NaN
NaN,NaN,NaN
NaN,NaN,NaN
NaN,NaN,NaN
NaN,NaN,NaN
NaN,NaN,NaN
NaN,NaN,NaN
NaN,NaN,NaN
NaN,NaN,NaN
NaN,NaN,NaN
NaN,NaN,NaN
NaN,NaN,NaN
NaN,NaN,NaN
NaN,NaN,NaN
NaN,NaN,NaN
NaN,NaN,NaN
NaN,NaN,NaN
NaN,NaN,NaN
NaN,NaN,NaN
NaN,NaN,NaN
NaN,NaN,NaN
NaN,NaN,NaN
NaN,NaN,NaN
NaN,NaN,NaN
NaN,NaN,NaN
NaN,NaN,NaN
NaN,NaN,NaN
NaN,NaN,NaN
NaN,NaN,NaN
NaN,NaN,NaN
NaN,NaN,NaN
NaN,NaN,NaN
NaN,NaN,NaN
NaN,NaN,NaN
NaN,NaN,NaN
NaN,NaN,NaN
NaN,NaN,NaN
NaN,NaN,NaN
NaN,NaN,NaN
NaN,NaN,NaN
NaN,NaN,NaN
NaN,NaN,NaN
NaN,NaN,NaN
NaN,NaN,NaN
NaN,NaN,NaN
NaN,NaN,NaN
NaN,NaN,NaN
NaN,NaN,NaN
NaN,NaN,NaN
NaN,NaN,NaN
NaN,NaN,NaN
NaN,NaN,NaN
NaN,NaN,NaN
NaN,NaN,NaN
NaN,NaN,NaN
NaN,NaN,NaN
NaN,NaN,NaN
NaN,NaN,NaN
NaN,NaN,NaN
NaN,NaN,NaN
NaN,NaN,NaN
NaN,NaN,NaN
NaN,NaN,NaN
NaN,NaN,NaN
NaN,NaN,NaN
NaN,NaN,NaN
NaN,NaN,NaN
NaN,NaN,NaN
NaN,NaN,NaN
NaN,NaN,NaN
NaN,NaN,NaN
NaN,NaN,NaN
NaN,NaN,NaN
NaN,NaN,NaN
NaN,NaN,NaN
NaN,NaN,NaN
NaN,NaN,NaN
NaN,NaN,NaN
NaN,NaN,NaN
NaN,NaN,NaN
NaN,NaN,NaN
NaN,NaN,NaN
NaN,NaN,NaN
NaN,NaN,NaN
NaN,NaN,NaN
NaN,NaN,NaN
NaN,NaN,NaN
NaN,NaN,NaN
NaN,NaN,NaN
NaN,NaN,NaN
NaN,NaN,NaN
NaN,NaN,NaN
NaN,NaN,NaN
NaN,NaN,NaN
NaN,NaN,NaN
NaN,NaN,NaN
NaN,NaN,NaN
NaN,NaN,NaN
NaN,NaN,NaN
NaN,NaN,NaN
NaN,NaN,NaN
NaN,NaN,NaN
NaN,NaN,NaN
NaN,NaN,NaN
NaN,NaN,NaN
NaN,NaN,NaN
NaN,NaN,NaN
NaN,NaN,NaN
NaN,NaN,NaN
NaN,NaN,NaN
NaN,NaN,NaN
NaN,NaN,NaN
NaN,NaN,NaN
NaN,NaN,NaN
NaN,NaN,NaN
NaN,NaN,NaN
NaN,NaN,NaN
NaN,NaN,NaN
NaN,NaN,NaN
NaN,NaN,NaN
NaN,NaN,NaN
NaN,NaN,NaN
NaN,NaN,NaN
NaN,NaN,NaN
NaN,NaN,NaN
NaN,NaN,NaN
NaN,NaN,NaN
NaN,NaN,NaN
NaN,NaN,NaN
NaN,NaN,NaN
NaN,NaN,NaN
NaN,NaN,NaN
NaN,NaN,NaN
NaN,NaN,NaN
NaN,NaN,NaN
NaN,NaN,NaN
NaN,NaN,NaN
NaN,NaN,NaN
NaN,NaN,NaN
NaN,NaN,NaN
NaN,NaN,NaN
NaN,NaN,NaN
NaN,NaN,NaN
NaN,NaN,NaN
NaN,NaN,NaN
NaN,NaN,NaN
NaN,NaN,NaN
NaN,NaN,NaN
NaN,NaN,NaN
NaN,NaN,NaN
NaN,NaN,NaN
NaN,NaN,NaN
NaN,NaN,NaN
NaN,NaN,NaN
NaN,NaN,NaN
NaN,NaN,NaN
NaN,NaN,NaN
NaN,NaN,NaN
NaN,NaN,NaN
NaN,NaN,NaN
NaN,NaN,NaN
NaN,NaN,NaN
NaN,NaN,NaN
NaN,NaN,NaN
NaN,NaN,NaN
NaN,NaN,NaN
NaN,NaN,NaN
NaN,NaN,NaN
NaN,NaN,NaN
NaN,NaN,NaN
NaN,NaN,NaN
NaN,NaN,NaN
NaN,NaN,NaN
NaN,NaN,NaN
NaN,NaN,NaN
NaN,NaN,NaN
NaN,NaN,NaN
NaN,NaN,NaN
NaN,NaN,NaN
NaN,NaN,NaN
NaN,NaN,NaN
NaN,NaN,NaN
NaN,NaN,NaN
NaN,NaN,NaN
NaN,NaN,NaN
NaN,NaN,NaN
NaN,NaN,NaN
NaN,NaN,NaN
NaN,NaN,NaN
NaN,NaN,NaN
NaN,NaN,NaN
NaN,NaN,NaN
NaN,NaN,NaN
NaN,NaN,NaN
NaN,NaN,NaN
NaN,NaN,NaN
NaN,NaN,NaN
NaN,NaN,NaN
NaN,NaN,NaN
NaN,NaN,NaN
NaN,NaN,NaN
NaN,NaN,NaN
NaN,NaN,NaN
NaN,NaN,NaN
NaN,NaN,NaN
NaN,NaN,NaN
NaN,NaN,NaN
NaN,NaN,NaN
NaN,NaN,NaN
NaN,NaN,NaN
NaN,NaN,NaN
NaN,NaN,NaN
NaN,NaN,NaN
NaN,NaN,NaN
NaN,NaN,NaN
NaN,NaN,NaN
NaN,NaN,NaN
NaN,NaN,NaN
NaN,NaN,NaN
NaN,NaN,NaN
NaN,NaN,NaN
NaN,NaN,NaN
NaN,NaN,NaN
NaN,NaN,NaN
NaN,NaN,NaN
NaN,NaN,NaN
NaN,NaN,NaN
NaN,NaN,NaN
NaN,NaN,NaN
NaN,NaN,NaN
NaN,NaN,NaN
NaN,NaN,NaN
NaN,NaN,NaN
NaN,NaN,NaN
NaN,NaN,NaN
NaN,NaN,NaN
NaN,NaN,NaN
NaN,NaN,NaN
NaN,NaN,NaN
NaN,NaN,NaN
NaN,NaN,NaN
NaN,NaN,NaN
NaN,NaN,NaN
NaN,NaN,NaN
NaN,NaN,NaN
NaN,NaN,NaN
NaN,NaN,NaN
NaN,NaN,NaN
NaN,NaN,NaN
NaN,NaN,NaN
NaN,NaN,NaN
NaN,NaN,NaN
NaN,NaN,NaN
NaN,NaN,NaN
NaN,NaN,NaN
NaN,NaN,NaN
NaN,NaN,NaN
NaN,NaN,NaN
NaN,NaN,NaN
NaN,NaN,NaN
NaN,NaN,NaN
NaN,NaN,NaN
NaN,NaN,NaN
NaN,NaN,NaN
NaN,NaN,NaN
NaN,NaN,NaN
NaN,NaN,NaN
NaN,NaN,NaN
NaN,NaN,NaN
NaN,NaN,NaN
NaN,NaN,NaN
NaN,NaN,NaN
NaN,NaN,NaN
NaN,NaN,NaN
NaN,NaN,NaN
NaN,NaN,NaN
NaN,NaN,NaN
NaN,NaN,NaN
NaN,NaN,NaN
NaN,NaN,NaN
NaN,NaN,NaN
NaN,NaN,NaN
NaN,NaN,NaN
NaN,NaN,NaN
NaN,NaN,NaN
NaN,NaN,NaN
NaN,NaN,NaN
NaN,NaN,NaN
NaN,NaN,NaN
NaN,NaN,NaN
NaN,NaN,NaN
NaN,NaN,NaN
NaN,NaN,NaN
NaN,NaN,NaN
NaN,NaN,NaN
NaN,NaN,NaN
NaN,NaN,NaN
NaN,NaN,NaN
NaN,NaN,NaN
NaN,NaN,NaN
NaN,NaN,NaN
NaN,NaN,NaN
NaN,NaN,NaN
NaN,NaN,NaN
NaN,NaN,NaN
NaN,NaN,NaN
NaN,NaN,NaN
NaN,NaN,NaN
NaN,NaN,NaN
NaN,NaN,NaN
NaN,NaN,NaN
NaN,NaN,NaN
NaN,NaN,NaN
NaN,NaN,NaN
NaN,NaN,NaN
NaN,NaN,NaN
NaN,NaN,NaN
NaN,NaN,NaN
NaN,NaN,NaN
NaN,NaN,NaN
NaN,NaN,NaN
NaN,NaN,NaN
NaN,NaN,NaN
NaN,NaN,NaN
NaN,NaN,NaN
NaN,NaN,NaN
NaN,NaN,NaN
NaN,NaN,NaN
NaN,NaN,NaN
NaN,NaN,NaN
NaN,NaN,NaN
NaN,NaN,NaN
NaN,NaN,NaN
NaN,NaN,NaN
NaN,NaN,NaN
NaN,NaN,NaN
NaN,NaN,NaN
NaN,NaN,NaN
NaN,NaN,NaN
NaN,NaN,NaN
NaN,NaN,NaN
NaN,NaN,NaN
NaN,NaN,NaN
NaN,NaN,NaN
NaN,NaN,NaN
NaN,NaN,NaN
NaN,NaN,NaN
NaN,NaN,NaN
NaN,NaN,NaN
NaN,NaN,NaN
NaN,NaN,NaN
NaN,NaN,NaN
NaN,NaN,NaN
NaN,NaN,NaN
NaN,NaN,NaN
NaN,NaN,NaN
NaN,NaN,NaN
NaN,NaN,NaN
NaN,NaN,NaN
NaN,NaN,NaN
NaN,NaN,NaN
NaN,NaN,NaN
NaN,NaN,NaN
NaN,NaN,NaN
NaN,NaN,NaN
NaN,NaN,NaN
NaN,NaN,NaN
NaN,NaN,NaN
NaN,NaN,NaN
NaN,NaN,NaN
NaN,NaN,NaN
NaN,NaN,NaN
NaN,NaN,NaN
NaN,NaN,NaN
NaN,NaN,NaN
NaN,NaN,NaN
NaN,NaN,NaN
NaN,NaN,NaN
NaN,NaN,NaN
NaN,NaN,NaN
NaN,NaN,NaN
NaN,NaN,NaN
NaN,NaN,NaN
NaN,NaN,NaN
NaN,NaN,NaN
NaN,NaN,NaN
NaN,NaN,NaN
NaN,NaN,NaN
NaN,NaN,NaN
NaN,NaN,NaN
NaN,NaN,NaN
NaN,NaN,NaN
NaN,NaN,NaN
NaN,NaN,NaN
NaN,NaN,NaN
NaN,NaN,NaN
NaN,NaN,NaN
NaN,NaN,NaN
NaN,NaN,NaN
NaN,NaN,NaN
NaN,NaN,NaN
NaN,NaN,NaN
NaN,NaN,NaN
NaN,NaN,NaN
NaN,NaN,NaN
NaN,NaN,NaN
NaN,NaN,NaN
NaN,NaN,NaN
NaN,NaN,NaN
NaN,NaN,NaN
NaN,NaN,NaN
NaN,NaN,NaN
NaN,NaN,NaN
NaN,NaN,NaN
NaN,NaN,NaN
NaN,NaN,NaN
NaN,NaN,NaN
NaN,NaN,NaN
NaN,NaN,NaN
NaN,NaN,NaN
NaN,NaN,NaN
NaN,NaN,NaN
NaN,NaN,NaN
NaN,NaN,NaN
NaN,NaN,NaN
NaN,NaN,NaN
NaN,NaN,NaN
NaN,NaN,NaN
NaN,NaN,NaN
NaN,NaN,NaN
NaN,NaN,NaN
NaN,NaN,NaN
NaN,NaN,NaN
NaN,NaN,NaN
NaN,NaN,NaN
NaN,NaN,NaN
NaN,NaN,NaN
NaN,NaN,NaN
NaN,NaN,NaN
NaN,NaN,NaN
NaN,NaN,NaN
NaN,NaN,NaN
NaN,NaN,NaN
NaN,NaN,NaN
NaN,NaN,NaN
NaN,NaN,NaN
NaN,NaN,NaN
NaN,NaN,NaN
NaN,NaN,NaN
NaN,NaN,NaN
NaN,NaN,NaN
NaN,NaN,NaN
NaN,NaN,NaN
NaN,NaN,NaN
NaN,NaN,NaN
NaN,NaN,NaN
NaN,NaN,NaN
NaN,NaN,NaN
NaN,NaN,NaN
NaN,NaN,NaN
NaN,NaN,NaN
NaN,NaN,NaN
NaN,NaN,NaN
NaN,NaN,NaN
NaN,NaN,NaN
NaN,NaN,NaN
NaN,NaN,NaN
NaN,NaN,NaN
NaN,NaN,NaN
NaN,NaN,NaN
NaN,NaN,NaN
NaN,NaN,NaN
NaN,NaN,NaN
NaN,NaN,NaN
NaN,NaN,NaN
NaN,NaN,NaN
NaN,NaN,NaN
NaN,NaN,NaN
NaN,NaN,NaN
NaN,NaN,NaN
NaN,NaN,NaN
NaN,NaN,NaN
NaN,NaN,NaN
NaN,NaN,NaN
NaN,NaN,NaN
NaN,NaN,NaN
NaN,NaN,NaN
NaN,NaN,NaN
NaN,NaN,NaN
NaN,NaN,NaN
NaN,NaN,NaN
NaN,NaN,NaN
NaN,NaN,NaN
NaN,NaN,NaN
NaN,NaN,NaN
NaN,NaN,NaN
NaN,NaN,NaN
NaN,NaN,NaN
NaN,NaN,NaN
NaN,NaN,NaN
NaN,NaN,NaN
NaN,NaN,NaN
NaN,NaN,NaN
NaN,NaN,NaN
NaN,NaN,NaN
NaN,NaN,NaN
NaN,NaN,NaN
NaN,NaN,NaN
NaN,NaN,NaN
NaN,NaN,NaN
NaN,NaN,NaN
NaN,NaN,NaN
NaN,NaN,NaN
NaN,NaN,NaN
NaN,NaN,NaN
NaN,NaN,NaN
NaN,NaN,NaN
NaN,NaN,NaN
NaN,NaN,NaN
NaN,NaN,NaN
NaN,NaN,NaN
NaN,NaN,NaN
NaN,NaN,NaN
NaN,NaN,NaN
NaN,NaN,NaN
NaN,NaN,NaN
NaN,NaN,NaN
NaN,NaN,NaN
NaN,NaN,NaN
NaN,NaN,NaN
NaN,NaN,NaN
NaN,NaN,NaN
NaN,NaN,NaN
NaN,NaN,NaN
NaN,NaN,NaN
NaN,NaN,NaN
NaN,NaN,NaN
NaN,NaN,NaN
NaN,NaN,NaN
NaN,NaN,NaN
NaN,NaN,NaN
NaN,NaN,NaN
NaN,NaN,NaN
NaN,NaN,NaN
NaN,NaN,NaN
NaN,NaN,NaN
NaN,NaN,NaN
NaN,NaN,NaN
NaN,NaN,NaN
NaN,NaN,NaN
NaN,NaN,NaN
NaN,NaN,NaN
NaN,NaN,NaN
NaN,NaN,NaN
NaN,NaN,NaN
NaN,NaN,NaN
NaN,NaN,NaN
NaN,NaN,NaN
NaN,NaN,NaN
NaN,NaN,NaN
NaN,NaN,NaN
NaN,NaN,NaN
NaN,NaN,NaN
NaN,NaN,NaN
NaN,NaN,NaN
NaN,NaN,NaN
NaN,NaN,NaN
NaN,NaN,NaN
NaN,NaN,NaN
NaN,NaN,NaN
NaN,NaN,NaN
NaN,NaN,NaN
NaN,NaN,NaN
NaN,NaN,NaN
NaN,NaN,NaN
NaN,NaN,NaN
NaN,NaN,NaN
NaN,NaN,NaN
NaN,NaN,NaN
NaN,NaN,NaN
NaN,NaN,NaN
NaN,NaN,NaN
NaN,NaN,NaN
NaN,NaN,NaN
NaN,NaN,NaN
NaN,NaN,NaN
NaN,NaN,NaN
NaN,NaN,NaN
NaN,NaN,NaN
NaN,NaN,NaN
NaN,NaN,NaN
NaN,NaN,NaN
NaN,NaN,NaN
NaN,NaN,NaN
NaN,NaN,NaN
NaN,NaN,NaN
NaN,NaN,NaN
NaN,NaN,NaN
NaN,NaN,NaN
NaN,NaN,NaN
NaN,NaN,NaN
NaN,NaN,NaN
NaN,NaN,NaN
NaN,NaN,NaN
NaN,NaN,NaN
NaN,NaN,NaN
NaN,NaN,NaN
NaN,NaN,NaN
NaN,NaN,NaN
NaN,NaN,NaN
NaN,NaN,NaN
NaN,NaN,NaN
NaN,NaN,NaN
NaN,NaN,NaN
NaN,NaN,NaN
NaN,NaN,NaN
NaN,NaN,NaN
NaN,NaN,NaN
NaN,NaN,NaN
NaN,NaN,NaN
NaN,NaN,NaN
NaN,NaN,NaN
NaN,NaN,NaN
NaN,NaN,NaN
NaN,NaN,NaN
NaN,NaN,NaN
NaN,NaN,NaN
NaN,NaN,NaN
NaN,NaN,NaN
NaN,NaN,NaN
NaN,NaN,NaN
NaN,NaN,NaN
NaN,NaN,NaN
NaN,NaN,NaN
NaN,NaN,NaN
NaN,NaN,NaN
NaN,NaN,NaN
NaN,NaN,NaN
NaN,NaN,NaN
NaN,NaN,NaN
NaN,NaN,NaN
NaN,NaN,NaN
NaN,NaN,NaN
NaN,NaN,NaN
NaN,NaN,NaN
NaN,NaN,NaN
NaN,NaN,NaN
NaN,NaN,NaN
NaN,NaN,NaN
NaN,NaN,NaN
NaN,NaN,NaN
NaN,NaN,NaN
NaN,NaN,NaN
NaN,NaN,NaN
NaN,NaN,NaN
NaN,NaN,NaN
NaN,NaN,NaN
NaN,NaN,NaN
NaN,NaN,NaN
NaN,NaN,NaN
NaN,NaN,NaN
NaN,NaN,NaN
NaN,NaN,NaN
NaN,NaN,NaN
NaN,NaN,NaN
NaN,NaN,NaN
NaN,NaN,NaN
NaN,NaN,NaN
NaN,NaN,NaN
NaN,NaN,NaN
NaN,NaN,NaN
NaN,NaN,NaN
NaN,NaN,NaN
NaN,NaN,NaN
NaN,NaN,NaN
NaN,NaN,NaN
NaN,NaN,NaN
NaN,NaN,NaN
NaN,NaN,NaN
NaN,NaN,NaN
NaN,NaN,NaN
NaN,NaN,NaN
NaN,NaN,NaN
NaN,NaN,NaN
NaN,NaN,NaN
NaN,NaN,NaN
NaN,NaN,NaN
NaN,NaN,NaN
NaN,NaN,NaN
NaN,NaN,NaN
NaN,NaN,NaN
NaN,NaN,NaN
NaN,NaN,NaN
NaN,NaN,NaN
NaN,NaN,NaN
NaN,NaN,NaN
NaN,NaN,NaN
NaN,NaN,NaN
NaN,NaN,NaN
NaN,NaN,NaN
NaN,NaN,NaN
NaN,NaN,NaN
NaN,NaN,NaN
NaN,NaN,NaN
NaN,NaN,NaN
NaN,NaN,NaN
NaN,NaN,NaN
NaN,NaN,NaN
NaN,NaN,NaN
NaN,NaN,NaN
NaN,NaN,NaN
NaN,NaN,NaN
NaN,NaN,NaN
NaN,NaN,NaN
NaN,NaN,NaN
NaN,NaN,NaN
NaN,NaN,NaN
NaN,NaN,NaN
NaN,NaN,NaN
NaN,NaN,NaN
NaN,NaN,NaN
NaN,NaN,NaN
NaN,NaN,NaN
NaN,NaN,NaN
NaN,NaN,NaN
NaN,NaN,NaN
NaN,NaN,NaN
NaN,NaN,NaN
NaN,NaN,NaN
NaN,NaN,NaN
NaN,NaN,NaN
NaN,NaN,NaN
NaN,NaN,NaN
NaN,NaN,NaN
NaN,NaN,NaN
NaN,NaN,NaN
NaN,NaN,NaN
NaN,NaN,NaN
NaN,NaN,NaN
NaN,NaN,NaN
NaN,NaN,NaN
NaN,NaN,NaN
NaN,NaN,NaN
NaN,NaN,NaN
NaN,NaN,NaN
NaN,NaN,NaN
NaN,NaN,NaN
NaN,NaN,NaN
NaN,NaN,NaN
NaN,NaN,NaN
NaN,NaN,NaN
NaN,NaN,NaN
NaN,NaN,NaN
NaN,NaN,NaN
NaN,NaN,NaN
NaN,NaN,NaN
NaN,NaN,NaN
NaN,NaN,NaN
NaN,NaN,NaN
NaN,NaN,NaN
NaN,NaN,NaN
NaN,NaN,NaN
NaN,NaN,NaN
NaN,NaN,NaN
NaN,NaN,NaN
NaN,NaN,NaN
NaN,NaN,NaN
NaN,NaN,NaN
NaN,NaN,NaN
NaN,NaN,NaN
NaN,NaN,NaN
NaN,NaN,NaN
NaN,NaN,NaN
NaN,NaN,NaN
NaN,NaN,NaN
NaN,NaN,NaN
NaN,NaN,NaN
NaN,NaN,NaN
NaN,NaN,NaN
NaN,NaN,NaN
NaN,NaN,NaN
NaN,NaN,NaN
NaN,NaN,NaN
NaN,NaN,NaN
NaN,NaN,NaN
NaN,NaN,NaN
NaN,NaN,NaN
NaN,NaN,NaN
NaN,NaN,NaN
NaN,NaN,NaN
NaN,NaN,NaN
NaN,NaN,NaN
NaN,NaN,NaN
NaN,NaN,NaN
NaN,NaN,NaN
NaN,NaN,NaN
NaN,NaN,NaN
NaN,NaN,NaN
NaN,NaN,NaN
NaN,NaN,NaN
NaN,NaN,NaN
NaN,NaN,NaN
NaN,NaN,NaN
NaN,NaN,NaN
NaN,NaN,NaN
NaN,NaN,NaN
NaN,NaN,NaN
NaN,NaN,NaN
NaN,NaN,NaN
NaN,NaN,NaN
NaN,NaN,NaN
NaN,NaN,NaN
NaN,NaN,NaN
NaN,NaN,NaN
NaN,NaN,NaN
NaN,NaN,NaN
NaN,NaN,NaN
NaN,NaN,NaN
NaN,NaN,NaN
NaN,NaN,NaN
NaN,NaN,NaN
NaN,NaN,NaN
NaN,NaN,NaN
NaN,NaN,NaN
NaN,NaN,NaN
NaN,NaN,NaN
NaN,NaN,NaN
NaN,NaN,NaN
NaN,NaN,NaN
NaN,NaN,NaN
NaN,NaN,NaN
NaN,NaN,NaN
NaN,NaN,NaN
NaN,NaN,NaN
NaN,NaN,NaN
NaN,NaN,NaN
NaN,NaN,NaN
NaN,NaN,NaN
NaN,NaN,NaN
NaN,NaN,NaN
NaN,NaN,NaN
NaN,NaN,NaN
NaN,NaN,NaN
NaN,NaN,NaN
NaN,NaN,NaN
NaN,NaN,NaN
NaN,NaN,NaN
NaN,NaN,NaN
NaN,NaN,NaN
NaN,NaN,NaN
NaN,NaN,NaN
NaN,NaN,NaN
NaN,NaN,NaN
NaN,NaN,NaN
NaN,NaN,NaN
NaN,NaN,NaN
NaN,NaN,NaN
NaN,NaN,NaN
NaN,NaN,NaN
NaN,NaN,NaN
NaN,NaN,NaN
NaN,NaN,NaN
NaN,NaN,NaN
NaN,NaN,NaN
NaN,NaN,NaN
NaN,NaN,NaN
NaN,NaN,NaN
NaN,NaN,NaN
NaN,NaN,NaN
NaN,NaN,NaN
NaN,NaN,NaN
NaN,NaN,NaN
NaN,NaN,NaN
NaN,NaN,NaN
NaN,NaN,NaN
NaN,NaN,NaN
NaN,NaN,NaN
NaN,NaN,NaN
NaN,NaN,NaN
NaN,NaN,NaN
NaN,NaN,NaN
NaN,NaN,NaN
NaN,NaN,NaN
NaN,NaN,NaN
NaN,NaN,NaN
NaN,NaN,NaN
NaN,NaN,NaN
NaN,NaN,NaN
NaN,NaN,NaN
NaN,NaN,NaN
NaN,NaN,NaN
NaN,NaN,NaN
NaN,NaN,NaN
NaN,NaN,NaN
NaN,NaN,NaN
NaN,NaN,NaN
NaN,NaN,NaN
NaN,NaN,NaN
NaN,NaN,NaN
NaN,NaN,NaN
NaN,NaN,NaN
NaN,NaN,NaN
NaN,NaN,NaN
NaN,NaN,NaN
NaN,NaN,NaN
NaN,NaN,NaN
NaN,NaN,NaN
NaN,NaN,NaN
NaN,NaN,NaN
NaN,NaN,NaN
NaN,NaN,NaN
NaN,NaN,NaN
NaN,NaN,NaN
NaN,NaN,NaN
NaN,NaN,NaN
NaN,NaN,NaN
NaN,NaN,NaN
NaN,NaN,NaN
NaN,NaN,NaN
NaN,NaN,NaN
NaN,NaN,NaN
NaN,NaN,NaN
NaN,NaN,NaN
NaN,NaN,NaN
NaN,NaN,NaN
NaN,NaN,NaN
NaN,NaN,NaN
NaN,NaN,NaN
NaN,NaN,NaN
NaN,NaN,NaN
NaN,NaN,NaN
NaN,NaN,NaN
NaN,NaN,NaN
NaN,NaN,NaN
NaN,NaN,NaN
NaN,NaN,NaN
NaN,NaN,NaN
NaN,NaN,NaN
NaN,NaN,NaN
NaN,NaN,NaN
NaN,NaN,NaN
NaN,NaN,NaN
NaN,NaN,NaN
NaN,NaN,NaN
NaN,NaN,NaN
NaN,NaN,NaN
NaN,NaN,NaN
NaN,NaN,NaN
NaN,NaN,NaN
NaN,NaN,NaN
NaN,NaN,NaN
NaN,NaN,NaN
NaN,NaN,NaN
NaN,NaN,NaN
NaN,NaN,NaN
NaN,NaN,NaN
NaN,NaN,NaN
NaN,NaN,NaN
NaN,NaN,NaN
NaN,NaN,NaN
NaN,NaN,NaN
NaN,NaN,NaN
NaN,NaN,NaN
NaN,NaN,NaN
NaN,NaN,NaN
NaN,NaN,NaN
NaN,NaN,NaN
NaN,NaN,NaN
NaN,NaN,NaN
NaN,NaN,NaN
NaN,NaN,NaN
NaN,NaN,NaN
NaN,NaN,NaN
NaN,NaN,NaN
NaN,NaN,NaN
NaN,NaN,NaN
NaN,NaN,NaN
NaN,NaN,NaN
NaN,NaN,NaN
NaN,NaN,NaN
NaN,NaN,NaN
NaN,NaN,NaN
NaN,NaN,NaN
NaN,NaN,NaN
NaN,NaN,NaN
NaN,NaN,NaN
NaN,NaN,NaN
NaN,NaN,NaN
NaN,NaN,NaN
NaN,NaN,NaN
NaN,NaN,NaN
NaN,NaN,NaN
NaN,NaN,NaN
NaN,NaN,NaN
NaN,NaN,NaN
NaN,NaN,NaN
NaN,NaN,NaN
NaN,NaN,NaN
NaN,NaN,NaN
NaN,NaN,NaN
NaN,NaN,NaN
NaN,NaN,NaN
NaN,NaN,NaN
NaN,NaN,NaN
NaN,NaN,NaN
NaN,NaN,NaN
NaN,NaN,NaN
NaN,NaN,NaN
NaN,NaN,NaN
NaN,NaN,NaN
NaN,NaN,NaN
NaN,NaN,NaN
NaN,NaN,NaN
NaN,NaN,NaN
NaN,NaN,NaN
NaN,NaN,NaN
NaN,NaN,NaN
NaN,NaN,NaN
NaN,NaN,NaN
NaN,NaN,NaN
NaN,NaN,NaN
NaN,NaN,NaN
NaN,NaN,NaN
NaN,NaN,NaN
NaN,NaN,NaN
NaN,NaN,NaN
NaN,NaN,NaN
NaN,NaN,NaN
NaN,NaN,NaN
NaN,NaN,NaN
NaN,NaN,NaN
NaN,NaN,NaN
NaN,NaN,NaN
NaN,NaN,NaN
NaN,NaN,NaN
NaN,NaN,NaN
NaN,NaN,NaN
NaN,NaN,NaN
NaN,NaN,NaN
NaN,NaN,NaN
NaN,NaN,NaN
NaN,NaN,NaN
NaN,NaN,NaN
NaN,NaN,NaN
NaN,NaN,NaN
NaN,NaN,NaN
NaN,NaN,NaN
NaN,NaN,NaN
NaN,NaN,NaN
NaN,NaN,NaN
NaN,NaN,NaN
NaN,NaN,NaN
NaN,NaN,NaN
NaN,NaN,NaN
NaN,NaN,NaN
NaN,NaN,NaN
NaN,NaN,NaN
NaN,NaN,NaN
NaN,NaN,NaN
NaN,NaN,NaN
NaN,NaN,NaN
NaN,NaN,NaN
NaN,NaN,NaN
NaN,NaN,NaN
NaN,NaN,NaN
NaN,NaN,NaN
NaN,NaN,NaN
NaN,NaN,NaN
NaN,NaN,NaN
NaN,NaN,NaN
NaN,NaN,NaN
NaN,NaN,NaN
NaN,NaN,NaN
NaN,NaN,NaN
NaN,NaN,NaN
NaN,NaN,NaN
NaN,NaN,NaN
NaN,NaN,NaN
NaN,NaN,NaN
NaN,NaN,NaN
NaN,NaN,NaN
NaN,NaN,NaN
NaN,NaN,NaN
NaN,NaN,NaN
NaN,NaN,NaN
NaN,NaN,NaN
NaN,NaN,NaN
NaN,NaN,NaN
NaN,NaN,NaN
NaN,NaN,NaN
NaN,NaN,NaN
NaN,NaN,NaN
NaN,NaN,NaN
NaN,NaN,NaN
NaN,NaN,NaN
NaN,NaN,NaN
NaN,NaN,NaN
NaN,NaN,NaN
NaN,NaN,NaN
NaN,NaN,NaN
NaN,NaN,NaN
NaN,NaN,NaN
NaN,NaN,NaN
NaN,NaN,NaN
NaN,NaN,NaN
NaN,NaN,NaN
NaN,NaN,NaN
NaN,NaN,NaN
NaN,NaN,NaN
NaN,NaN,NaN
NaN,NaN,NaN
NaN,NaN,NaN
NaN,NaN,NaN
NaN,NaN,NaN
NaN,NaN,NaN
NaN,NaN,NaN
NaN,NaN,NaN
NaN,NaN,NaN
NaN,NaN,NaN
NaN,NaN,NaN
NaN,NaN,NaN
NaN,NaN,NaN
NaN,NaN,NaN
NaN,NaN,NaN
NaN,NaN,NaN
NaN,NaN,NaN
NaN,NaN,NaN
NaN,NaN,NaN
NaN,NaN,NaN
NaN,NaN,NaN
NaN,NaN,NaN
NaN,NaN,NaN
NaN,NaN,NaN
NaN,NaN,NaN
NaN,NaN,NaN
NaN,NaN,NaN
NaN,NaN,NaN
NaN,NaN,NaN
NaN,NaN,NaN
NaN,NaN,NaN
NaN,NaN,NaN
NaN,NaN,NaN
NaN,NaN,NaN
NaN,NaN,NaN
NaN,NaN,NaN
NaN,NaN,NaN
NaN,NaN,NaN
NaN,NaN,NaN
NaN,NaN,NaN
NaN,NaN,NaN
NaN,NaN,NaN
NaN,NaN,NaN
NaN,NaN,NaN
NaN,NaN,NaN
NaN,NaN,NaN
NaN,NaN,NaN
NaN,NaN,NaN
NaN,NaN,NaN
NaN,NaN,NaN
NaN,NaN,NaN
NaN,NaN,NaN
NaN,NaN,NaN
NaN,NaN,NaN
NaN,NaN,NaN
NaN,NaN,NaN
NaN,NaN,NaN
NaN,NaN,NaN
NaN,NaN,NaN
NaN,NaN,NaN
NaN,NaN,NaN
NaN,NaN,NaN
NaN,NaN,NaN
NaN,NaN,NaN
NaN,NaN,NaN
NaN,NaN,NaN
NaN,NaN,NaN
NaN,NaN,NaN
NaN,NaN,NaN
NaN,NaN,NaN
NaN,NaN,NaN
NaN,NaN,NaN
NaN,NaN,NaN
NaN,NaN,NaN
NaN,NaN,NaN
NaN,NaN,NaN
NaN,NaN,NaN
NaN,NaN,NaN
NaN,NaN,NaN
NaN,NaN,NaN
NaN,NaN,NaN
NaN,NaN,NaN
NaN,NaN,NaN
NaN,NaN,NaN
NaN,NaN,NaN
NaN,NaN,NaN
NaN,NaN,NaN
NaN,NaN,NaN
NaN,NaN,NaN
NaN,NaN,NaN
NaN,NaN,NaN
NaN,NaN,NaN
NaN,NaN,NaN
NaN,NaN,NaN
NaN,NaN,NaN
NaN,NaN,NaN
NaN,NaN,NaN
NaN,NaN,NaN
NaN,NaN,NaN
NaN,NaN,NaN
NaN,NaN,NaN
NaN,NaN,NaN
NaN,NaN,NaN
NaN,NaN,NaN
NaN,NaN,NaN
NaN,NaN,NaN
NaN,NaN,NaN
NaN,NaN,NaN
NaN,NaN,NaN
NaN,NaN,NaN
NaN,NaN,NaN
NaN,NaN,NaN
NaN,NaN,NaN
NaN,NaN,NaN
NaN,NaN,NaN
NaN,NaN,NaN
NaN,NaN,NaN
NaN,NaN,NaN
NaN,NaN,NaN
NaN,NaN,NaN
NaN,NaN,NaN
NaN,NaN,NaN
NaN,NaN,NaN
NaN,NaN,NaN
NaN,NaN,NaN
NaN,NaN,NaN
NaN,NaN,NaN
NaN,NaN,NaN
NaN,NaN,NaN
NaN,NaN,NaN
NaN,NaN,NaN
NaN,NaN,NaN
NaN,NaN,NaN
NaN,NaN,NaN
NaN,NaN,NaN
NaN,NaN,NaN
NaN,NaN,NaN
NaN,NaN,NaN
NaN,NaN,NaN
NaN,NaN,NaN
NaN,NaN,NaN
NaN,NaN,NaN
NaN,NaN,NaN
NaN,NaN,NaN
NaN,NaN,NaN
NaN,NaN,NaN
NaN,NaN,NaN
NaN,NaN,NaN
NaN,NaN,NaN
NaN,NaN,NaN
NaN,NaN,NaN
NaN,NaN,NaN
NaN,NaN,NaN
NaN,NaN,NaN
NaN,NaN,NaN
NaN,NaN,NaN
NaN,NaN,NaN
NaN,NaN,NaN
NaN,NaN,NaN
NaN,NaN,NaN
NaN,NaN,NaN
NaN,NaN,NaN
NaN,NaN,NaN
NaN,NaN,NaN
NaN,NaN,NaN
NaN,NaN,NaN
NaN,NaN,NaN
NaN,NaN,NaN
NaN,NaN,NaN
NaN,NaN,NaN
NaN,NaN,NaN
NaN,NaN,NaN
NaN,NaN,NaN
NaN,NaN,NaN
NaN,NaN,NaN
NaN,NaN,NaN
NaN,NaN,NaN
NaN,NaN,NaN
NaN,NaN,NaN
NaN,NaN,NaN
NaN,NaN,NaN
NaN,NaN,NaN
NaN,NaN,NaN
NaN,NaN,NaN
NaN,NaN,NaN
NaN,NaN,NaN
NaN,NaN,NaN
NaN,NaN,NaN
NaN,NaN,NaN
NaN,NaN,NaN
NaN,NaN,NaN
NaN,NaN,NaN
NaN,NaN,NaN
NaN,NaN,NaN
NaN,NaN,NaN
NaN,NaN,NaN
NaN,NaN,NaN
NaN,NaN,NaN
NaN,NaN,NaN
NaN,NaN,NaN
NaN,NaN,NaN
NaN,NaN,NaN
NaN,NaN,NaN
NaN,NaN,NaN
NaN,NaN,NaN
NaN,NaN,NaN
NaN,NaN,NaN
NaN,NaN,NaN
NaN,NaN,NaN
NaN,NaN,NaN
NaN,NaN,NaN
NaN,NaN,NaN
NaN,NaN,NaN
NaN,NaN,NaN
NaN,NaN,NaN
NaN,NaN,NaN
NaN,NaN,NaN
NaN,NaN,NaN
NaN,NaN,NaN
NaN,NaN,NaN
NaN,NaN,NaN
NaN,NaN,NaN
NaN,NaN,NaN
NaN,NaN,NaN
NaN,NaN,NaN
NaN,NaN,NaN
NaN,NaN,NaN
NaN,NaN,NaN
NaN,NaN,NaN
NaN,NaN,NaN
NaN,NaN,NaN
NaN,NaN,NaN
NaN,NaN,NaN
NaN,NaN,NaN
NaN,NaN,NaN
NaN,NaN,NaN
NaN,NaN,NaN
NaN,NaN,NaN
NaN,NaN,NaN
NaN,NaN,NaN
NaN,NaN,NaN
NaN,NaN,NaN
NaN,NaN,NaN
NaN,NaN,NaN
NaN,NaN,NaN
NaN,NaN,NaN
NaN,NaN,NaN
NaN,NaN,NaN
NaN,NaN,NaN
NaN,NaN,NaN
NaN,NaN,NaN
NaN,NaN,NaN
NaN,NaN,NaN
NaN,NaN,NaN
NaN,NaN,NaN
NaN,NaN,NaN
NaN,NaN,NaN
NaN,NaN,NaN
NaN,NaN,NaN
NaN,NaN,NaN
NaN,NaN,NaN
NaN,NaN,NaN
NaN,NaN,NaN
NaN,NaN,NaN
NaN,NaN,NaN
NaN,NaN,NaN
NaN,NaN,NaN
NaN,NaN,NaN
NaN,NaN,NaN
NaN,NaN,NaN
NaN,NaN,NaN
NaN,NaN,NaN
NaN,NaN,NaN
NaN,NaN,NaN
NaN,NaN,NaN
NaN,NaN,NaN
NaN,NaN,NaN
NaN,NaN,NaN
NaN,NaN,NaN
NaN,NaN,NaN
NaN,NaN,NaN
NaN,NaN,NaN
NaN,NaN,NaN
NaN,NaN,NaN
NaN,NaN,NaN
NaN,NaN,NaN
NaN,NaN,NaN
NaN,NaN,NaN
NaN,NaN,NaN
NaN,NaN,NaN
NaN,NaN,NaN
NaN,NaN,NaN
NaN,NaN,NaN
NaN,NaN,NaN
NaN,NaN,NaN
NaN,NaN,NaN
NaN,NaN,NaN
NaN,NaN,NaN
NaN,NaN,NaN
NaN,NaN,NaN
NaN,NaN,NaN
NaN,NaN,NaN
NaN,NaN,NaN
NaN,NaN,NaN
NaN,NaN,NaN
NaN,NaN,NaN
NaN,NaN,NaN
NaN,NaN,NaN
NaN,NaN,NaN
NaN,NaN,NaN
NaN,NaN,NaN
NaN,NaN,NaN
NaN,NaN,NaN
NaN,NaN,NaN
NaN,NaN,NaN
NaN,NaN,NaN
NaN,NaN,NaN
NaN,NaN,NaN
NaN,NaN,NaN
NaN,NaN,NaN
NaN,NaN,NaN
NaN,NaN,NaN
NaN,NaN,NaN
NaN,NaN,NaN
NaN,NaN,NaN
NaN,NaN,NaN
NaN,NaN,NaN
NaN,NaN,NaN
NaN,NaN,NaN
NaN,NaN,NaN
NaN,NaN,NaN
NaN,NaN,NaN
NaN,NaN,NaN
NaN,NaN,NaN
NaN,NaN,NaN
NaN,NaN,NaN
NaN,NaN,NaN
NaN,NaN,NaN
NaN,NaN,NaN
NaN,NaN,NaN
NaN,NaN,NaN
NaN,NaN,NaN
NaN,NaN,NaN
NaN,NaN,NaN
NaN,NaN,NaN
NaN,NaN,NaN
NaN,NaN,NaN
NaN,NaN,NaN
NaN,NaN,NaN
NaN,NaN,NaN
NaN,NaN,NaN
NaN,NaN,NaN
NaN,NaN,NaN
NaN,NaN,NaN
NaN,NaN,NaN
NaN,NaN,NaN
NaN,NaN,NaN
NaN,NaN,NaN
NaN,NaN,NaN
NaN,NaN,NaN
NaN,NaN,NaN
NaN,NaN,NaN
NaN,NaN,NaN
NaN,NaN,NaN
NaN,NaN,NaN
NaN,NaN,NaN
NaN,NaN,NaN
NaN,NaN,NaN
NaN,NaN,NaN
NaN,NaN,NaN
NaN,NaN,NaN
NaN,NaN,NaN
NaN,NaN,NaN
NaN,NaN,NaN
NaN,NaN,NaN
NaN,NaN,NaN
NaN,NaN,NaN
NaN,NaN,NaN
NaN,NaN,NaN
NaN,NaN,NaN
NaN,NaN,NaN
NaN,NaN,NaN
NaN,NaN,NaN
NaN,NaN,NaN
NaN,NaN,NaN
NaN,NaN,NaN
NaN,NaN,NaN
NaN,NaN,NaN
NaN,NaN,NaN
NaN,NaN,NaN
NaN,NaN,NaN
NaN,NaN,NaN
NaN,NaN,NaN
NaN,NaN,NaN
NaN,NaN,NaN
NaN,NaN,NaN
NaN,NaN,NaN
NaN,NaN,NaN
NaN,NaN,NaN
NaN,NaN,NaN
NaN,NaN,NaN
NaN,NaN,NaN
NaN,NaN,NaN
NaN,NaN,NaN
NaN,NaN,NaN
NaN,NaN,NaN
NaN,NaN,NaN
NaN,NaN,NaN
NaN,NaN,NaN
NaN,NaN,NaN
NaN,NaN,NaN
NaN,NaN,NaN
NaN,NaN,NaN
NaN,NaN,NaN
NaN,NaN,NaN
NaN,NaN,NaN
NaN,NaN,NaN
NaN,NaN,NaN
NaN,NaN,NaN
NaN,NaN,NaN
NaN,NaN,NaN
NaN,NaN,NaN
NaN,NaN,NaN
NaN,NaN,NaN
NaN,NaN,NaN
NaN,NaN,NaN
NaN,NaN,NaN
NaN,NaN,NaN
NaN,NaN,NaN
NaN,NaN,NaN
NaN,NaN,NaN
NaN,NaN,NaN
NaN,NaN,NaN
NaN,NaN,NaN
NaN,NaN,NaN
NaN,NaN,NaN
NaN,NaN,NaN
NaN,NaN,NaN
NaN,NaN,NaN
NaN,NaN,NaN
NaN,NaN,NaN
NaN,NaN,NaN
NaN,NaN,NaN
NaN,NaN,NaN
NaN,NaN,NaN
NaN,NaN,NaN
NaN,NaN,NaN
NaN,NaN,NaN
NaN,NaN,NaN
NaN,NaN,NaN
NaN,NaN,NaN
NaN,NaN,NaN
NaN,NaN,NaN
NaN,NaN,NaN
NaN,NaN,NaN
NaN,NaN,NaN
NaN,NaN,NaN
NaN,NaN,NaN
NaN,NaN,NaN
NaN,NaN,NaN
NaN,NaN,NaN
NaN,NaN,NaN
NaN,NaN,NaN
NaN,NaN,NaN
NaN,NaN,NaN
NaN,NaN,NaN
NaN,NaN,NaN
NaN,NaN,NaN
NaN,NaN,NaN
NaN,NaN,NaN
NaN,NaN,NaN
NaN,NaN,NaN
NaN,NaN,NaN
NaN,NaN,NaN
NaN,NaN,NaN
NaN,NaN,NaN
NaN,NaN,NaN
NaN,NaN,NaN
NaN,NaN,NaN
NaN,NaN,NaN
NaN,NaN,NaN
NaN,NaN,NaN
NaN,NaN,NaN
NaN,NaN,NaN
NaN,NaN,NaN
NaN,NaN,NaN
NaN,NaN,NaN
NaN,NaN,NaN
NaN,NaN,NaN
NaN,NaN,NaN
NaN,NaN,NaN
NaN,NaN,NaN
NaN,NaN,NaN
NaN,NaN,NaN
NaN,NaN,NaN
NaN,NaN,NaN
NaN,NaN,NaN
NaN,NaN,NaN
NaN,NaN,NaN
NaN,NaN,NaN
NaN,NaN,NaN
NaN,NaN,NaN
NaN,NaN,NaN
NaN,NaN,NaN
NaN,NaN,NaN
NaN,NaN,NaN
NaN,NaN,NaN
NaN,NaN,NaN
NaN,NaN,NaN
NaN,NaN,NaN
NaN,NaN,NaN
NaN,NaN,NaN
NaN,NaN,NaN
NaN,NaN,NaN
NaN,NaN,NaN
NaN,NaN,NaN
NaN,NaN,NaN
NaN,NaN,NaN
NaN,NaN,NaN
NaN,NaN,NaN
NaN,NaN,NaN
NaN,NaN,NaN
NaN,NaN,NaN
NaN,NaN,NaN
NaN,NaN,NaN
NaN,NaN,NaN
NaN,NaN,NaN
NaN,NaN,NaN
NaN,NaN,NaN
NaN,NaN,NaN
NaN,NaN,NaN
NaN,NaN,NaN
NaN,NaN,NaN
NaN,NaN,NaN
NaN,NaN,NaN
NaN,NaN,NaN
NaN,NaN,NaN
NaN,NaN,NaN
NaN,NaN,NaN
NaN,NaN,NaN
NaN,NaN,NaN
NaN,NaN,NaN
NaN,NaN,NaN
NaN,NaN,NaN
NaN,NaN,NaN
NaN,NaN,NaN
NaN,NaN,NaN
NaN,NaN,NaN
NaN,NaN,NaN
NaN,NaN,NaN
NaN,NaN,NaN
NaN,NaN,NaN
NaN,NaN,NaN
NaN,NaN,NaN
NaN,NaN,NaN
NaN,NaN,NaN
NaN,NaN,NaN
NaN,NaN,NaN
NaN,NaN,NaN
NaN,NaN,NaN
NaN,NaN,NaN
NaN,NaN,NaN
NaN,NaN,NaN
NaN,NaN,NaN
NaN,NaN,NaN
NaN,NaN,NaN
NaN,NaN,NaN
NaN,NaN,NaN
NaN,NaN,NaN
NaN,NaN,NaN
NaN,NaN,NaN
NaN,NaN,NaN
NaN,NaN,NaN
NaN,NaN,NaN
NaN,NaN,NaN
NaN,NaN,NaN
NaN,NaN,NaN
NaN,NaN,NaN
NaN,NaN,NaN
NaN,NaN,NaN
NaN,NaN,NaN
NaN,NaN,NaN
NaN,NaN,NaN
NaN,NaN,NaN
NaN,NaN,NaN
NaN,NaN,NaN
NaN,NaN,NaN
NaN,NaN,NaN
NaN,NaN,NaN
NaN,NaN,NaN
NaN,NaN,NaN
NaN,NaN,NaN
NaN,NaN,NaN
NaN,NaN,NaN
NaN,NaN,NaN
NaN,NaN,NaN
NaN,NaN,NaN
NaN,NaN,NaN
NaN,NaN,NaN
NaN,NaN,NaN
NaN,NaN,NaN
NaN,NaN,NaN
NaN,NaN,NaN
NaN,NaN,NaN
NaN,NaN,NaN
NaN,NaN,NaN
NaN,NaN,NaN
NaN,NaN,NaN
NaN,NaN,NaN
NaN,NaN,NaN
NaN,NaN,NaN
NaN,NaN,NaN
NaN,NaN,NaN
NaN,NaN,NaN
NaN,NaN,NaN
NaN,NaN,NaN
NaN,NaN,NaN
NaN,NaN,NaN
NaN,NaN,NaN
NaN,NaN,NaN
NaN,NaN,NaN
NaN,NaN,NaN
NaN,NaN,NaN
NaN,NaN,NaN
NaN,NaN,NaN
NaN,NaN,NaN
NaN,NaN,NaN
NaN,NaN,NaN
NaN,NaN,NaN
NaN,NaN,NaN
NaN,NaN,NaN
NaN,NaN,NaN
NaN,NaN,NaN
NaN,NaN,NaN
NaN,NaN,NaN
NaN,NaN,NaN
NaN,NaN,NaN
NaN,NaN,NaN
NaN,NaN,NaN
NaN,NaN,NaN
NaN,NaN,NaN
NaN,NaN,NaN
NaN,NaN,NaN
NaN,NaN,NaN
NaN,NaN,NaN
NaN,NaN,NaN
NaN,NaN,NaN
NaN,NaN,NaN
NaN,NaN,NaN
NaN,NaN,NaN
NaN,NaN,NaN
NaN,NaN,NaN
NaN,NaN,NaN
NaN,NaN,NaN
NaN,NaN,NaN
NaN,NaN,NaN
NaN,NaN,NaN
NaN,NaN,NaN
NaN,NaN,NaN
NaN,NaN,NaN
NaN,NaN,NaN
NaN,NaN,NaN
NaN,NaN,NaN
NaN,NaN,NaN
NaN,NaN,NaN
NaN,NaN,NaN
NaN,NaN,NaN
NaN,NaN,NaN
NaN,NaN,NaN
NaN,NaN,NaN
NaN,NaN,NaN
NaN,NaN,NaN
NaN,NaN,NaN
NaN,NaN,NaN
NaN,NaN,NaN
NaN,NaN,NaN
NaN,NaN,NaN
NaN,NaN,NaN
NaN,NaN,NaN
NaN,NaN,NaN
NaN,NaN,NaN
NaN,NaN,NaN
NaN,NaN,NaN
NaN,NaN,NaN
NaN,NaN,NaN
NaN,NaN,NaN
NaN,NaN,NaN
NaN,NaN,NaN
NaN,NaN,NaN
NaN,NaN,NaN
NaN,NaN,NaN
NaN,NaN,NaN
NaN,NaN,NaN
NaN,NaN,NaN
NaN,NaN,NaN
NaN,NaN,NaN
NaN,NaN,NaN
NaN,NaN,NaN
NaN,NaN,NaN
NaN,NaN,NaN
NaN,NaN,NaN
NaN,NaN,NaN
NaN,NaN,NaN
NaN,NaN,NaN
NaN,NaN,NaN
NaN,NaN,NaN
NaN,NaN,NaN
NaN,NaN,NaN
NaN,NaN,NaN
NaN,NaN,NaN
NaN,NaN,NaN
NaN,NaN,NaN
NaN,NaN,NaN
NaN,NaN,NaN
NaN,NaN,NaN
NaN,NaN,NaN
NaN,NaN,NaN
NaN,NaN,NaN
NaN,NaN,NaN
NaN,NaN,NaN
NaN,NaN,NaN
NaN,NaN,NaN
NaN,NaN,NaN
NaN,NaN,NaN
NaN,NaN,NaN
NaN,NaN,NaN
NaN,NaN,NaN
NaN,NaN,NaN
NaN,NaN,NaN
NaN,NaN,NaN
NaN,NaN,NaN
NaN,NaN,NaN
NaN,NaN,NaN
NaN,NaN,NaN
NaN,NaN,NaN
NaN,NaN,NaN
NaN,NaN,NaN
NaN,NaN,NaN
NaN,NaN,NaN
NaN,NaN,NaN
NaN,NaN,NaN
NaN,NaN,NaN
NaN,NaN,NaN
NaN,NaN,NaN
NaN,NaN,NaN
NaN,NaN,NaN
NaN,NaN,NaN
NaN,NaN,NaN
NaN,NaN,NaN
NaN,NaN,NaN
NaN,NaN,NaN
NaN,NaN,NaN
NaN,NaN,NaN
NaN,NaN,NaN
NaN,NaN,NaN
NaN,NaN,NaN
NaN,NaN,NaN
NaN,NaN,NaN
NaN,NaN,NaN
NaN,NaN,NaN
NaN,NaN,NaN
NaN,NaN,NaN
NaN,NaN,NaN
NaN,NaN,NaN
NaN,NaN,NaN
NaN,NaN,NaN
NaN,NaN,NaN
NaN,NaN,NaN
NaN,NaN,NaN
NaN,NaN,NaN
NaN,NaN,NaN
NaN,NaN,NaN
NaN,NaN,NaN
NaN,NaN,NaN
NaN,NaN,NaN
NaN,NaN,NaN
NaN,NaN,NaN
NaN,NaN,NaN
NaN,NaN,NaN
NaN,NaN,NaN
NaN,NaN,NaN
NaN,NaN,NaN
NaN,NaN,NaN
NaN,NaN,NaN
NaN,NaN,NaN
NaN,NaN,NaN
NaN,NaN,NaN
NaN,NaN,NaN
NaN,NaN,NaN
NaN,NaN,NaN
NaN,NaN,NaN
NaN,NaN,NaN
NaN,NaN,NaN
NaN,NaN,NaN
NaN,NaN,NaN
NaN,NaN,NaN
NaN,NaN,NaN
NaN,NaN,NaN
NaN,NaN,NaN
NaN,NaN,NaN
NaN,NaN,NaN
NaN,NaN,NaN
NaN,NaN,NaN
NaN,NaN,NaN
NaN,NaN,NaN
NaN,NaN,NaN
NaN,NaN,NaN
NaN,NaN,NaN
NaN,NaN,NaN
NaN,NaN,NaN
NaN,NaN,NaN
NaN,NaN,NaN
NaN,NaN,NaN
NaN,NaN,NaN
NaN,NaN,NaN
NaN,NaN,NaN
NaN,NaN,NaN
NaN,NaN,NaN
NaN,NaN,NaN
NaN,NaN,NaN
NaN,NaN,NaN
NaN,NaN,NaN
NaN,NaN,NaN
NaN,NaN,NaN
NaN,NaN,NaN
NaN,NaN,NaN
NaN,NaN,NaN
NaN,NaN,NaN
NaN,NaN,NaN
NaN,NaN,NaN
NaN,NaN,NaN
NaN,NaN,NaN
NaN,NaN,NaN
NaN,NaN,NaN
NaN,NaN,NaN
NaN,NaN,NaN
NaN,NaN,NaN
NaN,NaN,NaN
NaN,NaN,NaN
NaN,NaN,NaN
NaN,NaN,NaN
NaN,NaN,NaN
NaN,NaN,NaN
NaN,NaN,NaN
NaN,NaN,NaN
NaN,NaN,NaN
NaN,NaN,NaN
NaN,NaN,NaN
NaN,NaN,NaN
NaN,NaN,NaN
NaN,NaN,NaN
NaN,NaN,NaN
NaN,NaN,NaN
NaN,NaN,NaN
NaN,NaN,NaN
NaN,NaN,NaN
NaN,NaN,NaN
NaN,NaN,NaN
NaN,NaN,NaN
NaN,NaN,NaN
NaN,NaN,NaN
NaN,NaN,NaN
NaN,NaN,NaN
NaN,NaN,NaN
NaN,NaN,NaN
NaN,NaN,NaN
NaN,NaN,NaN
NaN,NaN,NaN
NaN,NaN,NaN
NaN,NaN,NaN
NaN,NaN,NaN
NaN,NaN,NaN
NaN,NaN,NaN
NaN,NaN,NaN
NaN,NaN,NaN
NaN,NaN,NaN
NaN,NaN,NaN
NaN,NaN,NaN
NaN,NaN,NaN
NaN,NaN,NaN
NaN,NaN,NaN
NaN,NaN,NaN
NaN,NaN,NaN
NaN,NaN,NaN
NaN,NaN,NaN
NaN,NaN,NaN
NaN,NaN,NaN
NaN,NaN,NaN
NaN,NaN,NaN
NaN,NaN,NaN
NaN,NaN,NaN
NaN,NaN,NaN
NaN,NaN,NaN
NaN,NaN,NaN
NaN,NaN,NaN
NaN,NaN,NaN
NaN,NaN,NaN
NaN,NaN,NaN
NaN,NaN,NaN
NaN,NaN,NaN
NaN,NaN,NaN
NaN,NaN,NaN
NaN,NaN,NaN
NaN,NaN,NaN
NaN,NaN,NaN
NaN,NaN,NaN
NaN,NaN,NaN
NaN,NaN,NaN
NaN,NaN,NaN
NaN,NaN,NaN
NaN,NaN,NaN
NaN,NaN,NaN
NaN,NaN,NaN
NaN,NaN,NaN
NaN,NaN,NaN
NaN,NaN,NaN
NaN,NaN,NaN
NaN,NaN,NaN
NaN,NaN,NaN
NaN,NaN,NaN
NaN,NaN,NaN
NaN,NaN,NaN
NaN,NaN,NaN
NaN,NaN,NaN
NaN,NaN,NaN
NaN,NaN,NaN
NaN,NaN,NaN
NaN,NaN,NaN
NaN,NaN,NaN
NaN,NaN,NaN
NaN,NaN,NaN
NaN,NaN,NaN
NaN,NaN,NaN
NaN,NaN,NaN
NaN,NaN,NaN
NaN,NaN,NaN
NaN,NaN,NaN
NaN,NaN,NaN
NaN,NaN,NaN
NaN,NaN,NaN
NaN,NaN,NaN
NaN,NaN,NaN
NaN,NaN,NaN
NaN,NaN,NaN
NaN,NaN,NaN
NaN,NaN,NaN
NaN,NaN,NaN
NaN,NaN,NaN
NaN,NaN,NaN
NaN,NaN,NaN
NaN,NaN,NaN
NaN,NaN,NaN
NaN,NaN,NaN
NaN,NaN,NaN
NaN,NaN,NaN
NaN,NaN,NaN
NaN,NaN,NaN
NaN,NaN,NaN
NaN,NaN,NaN
NaN,NaN,NaN
NaN,NaN,NaN
NaN,NaN,NaN
NaN,NaN,NaN
NaN,NaN,NaN
NaN,NaN,NaN
NaN,NaN,NaN
NaN,NaN,NaN
NaN,NaN,NaN
NaN,NaN,NaN
NaN,NaN,NaN
NaN,NaN,NaN
NaN,NaN,NaN
NaN,NaN,NaN
NaN,NaN,NaN
NaN,NaN,NaN
NaN,NaN,NaN
NaN,NaN,NaN
NaN,NaN,NaN
NaN,NaN,NaN
NaN,NaN,NaN
NaN,NaN,NaN
NaN,NaN,NaN
NaN,NaN,NaN
NaN,NaN,NaN
NaN,NaN,NaN
NaN,NaN,NaN
NaN,NaN,NaN
NaN,NaN,NaN
NaN,NaN,NaN
NaN,NaN,NaN
NaN,NaN,NaN
NaN,NaN,NaN
NaN,NaN,NaN
NaN,NaN,NaN
NaN,NaN,NaN
NaN,NaN,NaN
NaN,NaN,NaN
NaN,NaN,NaN
NaN,NaN,NaN
NaN,NaN,NaN
NaN,NaN,NaN
NaN,NaN,NaN
NaN,NaN,NaN
NaN,NaN,NaN
NaN,NaN,NaN
NaN,NaN,NaN
NaN,NaN,NaN
NaN,NaN,NaN
NaN,NaN,NaN
NaN,NaN,NaN
NaN,NaN,NaN
NaN,NaN,NaN
NaN,NaN,NaN
NaN,NaN,NaN
NaN,NaN,NaN
NaN,NaN,NaN
NaN,NaN,NaN
NaN,NaN,NaN
NaN,NaN,NaN
NaN,NaN,NaN
NaN,NaN,NaN
NaN,NaN,NaN
NaN,NaN,NaN
NaN,NaN,NaN
NaN,NaN,NaN
NaN,NaN,NaN
NaN,NaN,NaN
NaN,NaN,NaN
NaN,NaN,NaN
NaN,NaN,NaN
NaN,NaN,NaN
NaN,NaN,NaN
NaN,NaN,NaN
NaN,NaN,NaN
NaN,NaN,NaN
NaN,NaN,NaN
NaN,NaN,NaN
NaN,NaN,NaN
NaN,NaN,NaN
NaN,NaN,NaN
NaN,NaN,NaN
NaN,NaN,NaN
NaN,NaN,NaN
NaN,NaN,NaN
NaN,NaN,NaN
NaN,NaN,NaN
NaN,NaN,NaN
NaN,NaN,NaN
NaN,NaN,NaN
NaN,NaN,NaN
NaN,NaN,NaN
NaN,NaN,NaN
NaN,NaN,NaN
NaN,NaN,NaN
NaN,NaN,NaN
NaN,NaN,NaN
NaN,NaN,NaN
NaN,NaN,NaN
NaN,NaN,NaN
NaN,NaN,NaN
NaN,NaN,NaN
NaN,NaN,NaN
NaN,NaN,NaN
NaN,NaN,NaN
NaN,NaN,NaN
NaN,NaN,NaN
NaN,NaN,NaN
NaN,NaN,NaN
NaN,NaN,NaN
NaN,NaN,NaN
NaN,NaN,NaN
NaN,NaN,NaN
NaN,NaN,NaN
NaN,NaN,NaN
NaN,NaN,NaN
NaN,NaN,NaN
NaN,NaN,NaN
NaN,NaN,NaN
NaN,NaN,NaN
NaN,NaN,NaN
NaN,NaN,NaN
NaN,NaN,NaN
NaN,NaN,NaN
NaN,NaN,NaN
NaN,NaN,NaN
NaN,NaN,NaN
NaN,NaN,NaN
NaN,NaN,NaN
NaN,NaN,NaN
NaN,NaN,NaN
NaN,NaN,NaN
NaN,NaN,NaN
NaN,NaN,NaN
NaN,NaN,NaN
NaN,NaN,NaN
NaN,NaN,NaN
NaN,NaN,NaN
NaN,NaN,NaN
NaN,NaN,NaN
NaN,NaN,NaN
NaN,NaN,NaN
NaN,NaN,NaN
NaN,NaN,NaN
NaN,NaN,NaN
NaN,NaN,NaN
NaN,NaN,NaN
NaN,NaN,NaN
NaN,NaN,NaN
NaN,NaN,NaN
NaN,NaN,NaN
NaN,NaN,NaN
NaN,NaN,NaN
NaN,NaN,NaN
NaN,NaN,NaN
NaN,NaN,NaN
NaN,NaN,NaN
NaN,NaN,NaN
NaN,NaN,NaN
NaN,NaN,NaN
NaN,NaN,NaN
NaN,NaN,NaN
NaN,NaN,NaN
NaN,NaN,NaN
NaN,NaN,NaN
NaN,NaN,NaN
NaN,NaN,NaN
NaN,NaN,NaN
NaN,NaN,NaN
NaN,NaN,NaN
NaN,NaN,NaN
NaN,NaN,NaN
NaN,NaN,NaN
NaN,NaN,NaN
NaN,NaN,NaN
NaN,NaN,NaN
NaN,NaN,NaN
NaN,NaN,NaN
NaN,NaN,NaN
NaN,NaN,NaN
NaN,NaN,NaN
NaN,NaN,NaN
NaN,NaN,NaN
NaN,NaN,NaN
NaN,NaN,NaN
NaN,NaN,NaN
NaN,NaN,NaN
NaN,NaN,NaN
NaN,NaN,NaN
NaN,NaN,NaN
NaN,NaN,NaN
NaN,NaN,NaN
NaN,NaN,NaN
NaN,NaN,NaN
NaN,NaN,NaN
NaN,NaN,NaN
NaN,NaN,NaN
NaN,NaN,NaN
NaN,NaN,NaN
NaN,NaN,NaN
NaN,NaN,NaN
NaN,NaN,NaN
NaN,NaN,NaN
NaN,NaN,NaN
NaN,NaN,NaN
NaN,NaN,NaN
NaN,NaN,NaN
NaN,NaN,NaN
NaN,NaN,NaN
NaN,NaN,NaN
NaN,NaN,NaN
NaN,NaN,NaN
NaN,NaN,NaN
NaN,NaN,NaN
NaN,NaN,NaN
